2025-12-18 05:08:17,886 - Knowledge - INFO - Created shared MongoDB connection pool
2025-12-18 05:08:18,208 - Knowledge - INFO - Starting Knowledge Graph processing with 20 threads
2025-12-18 05:08:18,370 - Knowledge - INFO - Initial configuration: chunk_size=65536, max_cache_size=500
2025-12-18 05:08:18,617 - Knowledge - INFO - Knowledge Graph concurrency configuration: workers=20, max_batch_size=10, max_concurrent_llm_calls=50
2025-12-18 05:08:20,182 - Knowledge - INFO - 🔍 _load_persisted_knowledge called - checking for Redis optimization
2025-12-18 05:08:20,377 - Knowledge - WARNING - ❌ load_from_redis method not found - Redis support not attached
2025-12-18 05:08:20,548 - Knowledge - INFO - load persisted knowledge: begin
2025-12-18 05:08:20,712 - Knowledge - INFO - Loaded 0 files from persisted knowledge
2025-12-18 05:08:20,933 - Knowledge - INFO - load persisted knowledge: end
2025-12-18 05:08:21,079 - Knowledge - WARNING - No persisted knowledge found. Files will be queued during start()
2025-12-18 05:08:21,264 - Knowledge - INFO - Redis support added with prefix knowledge:b1206p6:
2025-12-18 05:08:21,551 - Knowledge - INFO - Starting knowledge initialization for ID: cCMgbG-b1206p6
2025-12-18 05:08:21,751 - Knowledge - INFO - 🔍 Checking Redis for build_id: b1206p6
2025-12-18 05:08:21,915 - Knowledge - INFO - 🔍 Full session ID: cCMgbG-b1206p6
2025-12-18 05:08:22,099 - Knowledge - INFO - 🔍 Redis prefix will be: knowledge:b1206p6:
2025-12-18 05:08:22,294 - Knowledge - INFO - 🔍 Using attached load_from_redis() method
2025-12-18 05:08:22,473 - Knowledge - INFO - 🔍 Attempting to load knowledge from Redis...
2025-12-18 05:08:22,633 - Knowledge - INFO - 🔍 Using derived instance_id for Redis lookup: b1206p6
2025-12-18 05:08:22,805 - Knowledge - WARNING - ❌ No Redis cache found
2025-12-18 05:08:22,982 - Knowledge - INFO - 📁 Loading knowledge from disk...
2025-12-18 05:08:23,258 - Knowledge - INFO - load persisted docinfo: begin
2025-12-18 05:08:23,429 - Knowledge - INFO - load persisted docinfo: end
2025-12-18 05:08:23,628 - Knowledge - INFO - 🔍 _load_persisted_knowledge called - checking for Redis optimization
2025-12-18 05:08:23,803 - Knowledge - INFO - ✅ load_from_redis method found - attempting Redis load
2025-12-18 05:08:24,010 - Knowledge - INFO - 🔍 Attempting to load knowledge from Redis...
2025-12-18 05:08:24,190 - Knowledge - INFO - 🔍 Using derived instance_id for Redis lookup: b1206p6
2025-12-18 05:08:24,367 - Knowledge - WARNING - ❌ No Redis cache found
2025-12-18 05:08:24,573 - Knowledge - INFO - ❌ Redis load returned False - falling back to file loading
2025-12-18 05:08:24,761 - Knowledge - INFO - load persisted knowledge: begin
2025-12-18 05:08:24,946 - Knowledge - INFO - Loaded 0 files from persisted knowledge
2025-12-18 05:08:25,123 - Knowledge - INFO - load persisted knowledge: end
2025-12-18 05:08:25,297 - Knowledge - INFO - 📁 Disk load complete in 2.09s
2025-12-18 05:08:25,464 - Knowledge - INFO - Populating ingest queue with source files...
2025-12-18 05:08:25,682 - Knowledge - INFO - Added 260 files from /app/data/gemtektechnologycoltd2546/3455/b1206p6/lighttpd1.4-3455 to ingest queue
2025-12-18 05:08:25,841 - Knowledge - INFO - [WEBSOCKET] Sent: Type=progress_update, Size: 160, Duration: 0ms
2025-12-18 05:08:26,010 - Knowledge - INFO - Worker kw1 created using shared MongoDB connection pool
2025-12-18 05:08:26,182 - Knowledge - INFO - knowledge worker kw1 start
2025-12-18 05:08:26,182 - Knowledge - INFO - Worker kw2 created using shared MongoDB connection pool
2025-12-18 05:08:26,345 - Knowledge - INFO - [kw1] Queue=260, InProgress=0, PendingWorkers=0/1, Completed=0/260 (0.0%)
2025-12-18 05:08:26,428 - Knowledge - INFO - knowledge worker kw2 start
2025-12-18 05:08:26,428 - Knowledge - INFO - Worker kw3 created using shared MongoDB connection pool
2025-12-18 05:08:26,522 - Knowledge - INFO - Batch sizing: calculated=6, max_allowed=10, queue=260, active_workers=0/2
2025-12-18 05:08:26,618 - Knowledge - INFO - [kw2] Queue=260, InProgress=0, PendingWorkers=0/2, Completed=0/260 (0.0%)
2025-12-18 05:08:26,705 - Knowledge - INFO - knowledge worker kw3 start
2025-12-18 05:08:26,705 - Knowledge - INFO - Worker kw4 created using shared MongoDB connection pool
2025-12-18 05:08:26,796 - Knowledge - INFO - Worker kw1 processing /app/data/gemtektechnologycoltd2546/3455/b1206p6/lighttpd1.4-3455/scripts/ci-build.sh
2025-12-18 05:08:26,887 - Knowledge - INFO - Batch sizing: calculated=6, max_allowed=10, queue=260, active_workers=1/3
2025-12-18 05:08:26,961 - Knowledge - INFO - [kw3] Queue=254, InProgress=0, PendingWorkers=1/3, Completed=0/260 (0.0%)
2025-12-18 05:08:27,085 - Knowledge - INFO - knowledge worker kw4 start
2025-12-18 05:08:27,085 - Knowledge - INFO - Worker kw5 created using shared MongoDB connection pool
2025-12-18 05:08:27,186 - Knowledge - INFO - Worker kw1 processing /app/data/gemtektechnologycoltd2546/3455/b1206p6/lighttpd1.4-3455/scripts/cmake/LighttpdMacros.cmake
2025-12-18 05:08:27,300 - Knowledge - INFO - Worker kw2 processing /app/data/gemtektechnologycoltd2546/3455/b1206p6/lighttpd1.4-3455/src/mod_authn_ldap.c
2025-12-18 05:08:27,380 - Knowledge - INFO - Batch sizing: calculated=6, max_allowed=10, queue=254, active_workers=2/4
2025-12-18 05:08:27,470 - Knowledge - INFO - [kw4] Queue=248, InProgress=0, PendingWorkers=2/4, Completed=0/260 (0.0%)
2025-12-18 05:08:27,562 - Knowledge - INFO - knowledge worker kw5 start
2025-12-18 05:08:27,562 - Knowledge - INFO - Worker kw6 created using shared MongoDB connection pool
2025-12-18 05:08:27,683 - Knowledge - INFO - Fast-tracked /app/data/gemtektechnologycoltd2546/3455/b1206p6/lighttpd1.4-3455/scripts/cmake/LighttpdMacros.cmake (ext=.cmake, size=1909)
2025-12-18 05:08:27,786 - Knowledge - INFO - Worker kw2 processing /app/data/gemtektechnologycoltd2546/3455/b1206p6/lighttpd1.4-3455/src/array.c
2025-12-18 05:08:27,913 - Knowledge - INFO - Worker kw3 processing /app/data/gemtektechnologycoltd2546/3455/b1206p6/lighttpd1.4-3455/src/mod_vhostdb_pgsql.c
2025-12-18 05:08:28,006 - Knowledge - INFO - Batch sizing: calculated=6, max_allowed=10, queue=248, active_workers=3/5
2025-12-18 05:08:28,126 - Knowledge - INFO - [kw5] Queue=242, InProgress=0, PendingWorkers=3/5, Completed=0/260 (0.0%)
2025-12-18 05:08:28,199 - Knowledge - INFO - knowledge worker kw6 start
2025-12-18 05:08:28,199 - Knowledge - INFO - Worker kw7 created using shared MongoDB connection pool
2025-12-18 05:08:28,279 - Knowledge - INFO - Worker kw1 processing /app/data/gemtektechnologycoltd2546/3455/b1206p6/lighttpd1.4-3455/src/data_config.c
2025-12-18 05:08:28,373 - Knowledge - INFO - Worker kw2 processing /app/data/gemtektechnologycoltd2546/3455/b1206p6/lighttpd1.4-3455/src/mod_wstunnel.c
2025-12-18 05:08:28,466 - Knowledge - INFO - Worker kw3 processing /app/data/gemtektechnologycoltd2546/3455/b1206p6/lighttpd1.4-3455/src/response.c
2025-12-18 05:08:28,565 - Knowledge - INFO - Worker kw4 processing /app/data/gemtektechnologycoltd2546/3455/b1206p6/lighttpd1.4-3455/src/plugins.h
2025-12-18 05:08:28,646 - Knowledge - INFO - Batch sizing: calculated=6, max_allowed=10, queue=242, active_workers=4/6
2025-12-18 05:08:28,757 - Knowledge - INFO - [kw6] Queue=236, InProgress=0, PendingWorkers=4/6, Completed=0/260 (0.0%)
2025-12-18 05:08:28,839 - Knowledge - INFO - knowledge worker kw7 start
2025-12-18 05:08:28,839 - Knowledge - INFO - Worker kw8 created using shared MongoDB connection pool
2025-12-18 05:08:28,934 - Knowledge - INFO - Worker kw1 processing /app/data/gemtektechnologycoltd2546/3455/b1206p6/lighttpd1.4-3455/src/stat_cache.c
2025-12-18 05:08:29,020 - Knowledge - INFO - Worker kw2 processing /app/data/gemtektechnologycoltd2546/3455/b1206p6/lighttpd1.4-3455/src/network.h
2025-12-18 05:08:29,103 - Knowledge - INFO - Worker kw3 processing /app/data/gemtektechnologycoltd2546/3455/b1206p6/lighttpd1.4-3455/src/algo_sha1.c
2025-12-18 05:08:29,220 - Knowledge - INFO - Fast-tracked /app/data/gemtektechnologycoltd2546/3455/b1206p6/lighttpd1.4-3455/src/plugins.h (ext=.h, size=1337)
2025-12-18 05:08:29,318 - Knowledge - INFO - Worker kw5 processing /app/data/gemtektechnologycoltd2546/3455/b1206p6/lighttpd1.4-3455/src/mod_vhostdb_dbi.c
2025-12-18 05:08:29,414 - Knowledge - INFO - Batch sizing: calculated=6, max_allowed=10, queue=236, active_workers=5/7
2025-12-18 05:08:29,503 - Knowledge - INFO - [kw7] Queue=230, InProgress=0, PendingWorkers=5/7, Completed=0/260 (0.0%)
2025-12-18 05:08:29,588 - Knowledge - INFO - knowledge worker kw8 start
2025-12-18 05:08:29,589 - Knowledge - INFO - Worker kw9 created using shared MongoDB connection pool
2025-12-18 05:08:29,672 - Knowledge - INFO - Worker kw1 processing /app/data/gemtektechnologycoltd2546/3455/b1206p6/lighttpd1.4-3455/src/plugin.c
2025-12-18 05:08:29,749 - Knowledge - INFO - Fast-tracked /app/data/gemtektechnologycoltd2546/3455/b1206p6/lighttpd1.4-3455/src/network.h (ext=.h, size=534)
2025-12-18 05:08:29,841 - Knowledge - INFO - Worker kw3 processing /app/data/gemtektechnologycoltd2546/3455/b1206p6/lighttpd1.4-3455/src/mod_auth_api.h
2025-12-18 05:08:29,958 - Knowledge - INFO - Worker kw4 processing /app/data/gemtektechnologycoltd2546/3455/b1206p6/lighttpd1.4-3455/src/sys-dirent.h
2025-12-18 05:08:30,082 - Knowledge - INFO - Worker kw5 processing /app/data/gemtektechnologycoltd2546/3455/b1206p6/lighttpd1.4-3455/src/mod_indexfile.c
2025-12-18 05:08:30,151 - Knowledge - INFO - Worker kw6 processing /app/data/gemtektechnologycoltd2546/3455/b1206p6/lighttpd1.4-3455/src/connections.c
2025-12-18 05:08:30,232 - Knowledge - INFO - Batch sizing: calculated=6, max_allowed=10, queue=230, active_workers=6/8
2025-12-18 05:08:30,330 - Knowledge - INFO - [kw8] Queue=224, InProgress=0, PendingWorkers=6/8, Completed=0/260 (0.0%)
2025-12-18 05:08:30,448 - Knowledge - INFO - knowledge worker kw9 start
2025-12-18 05:08:30,448 - Knowledge - INFO - Worker kw10 created using shared MongoDB connection pool
2025-12-18 05:08:30,563 - Knowledge - INFO - Worker kw1 processing /app/data/gemtektechnologycoltd2546/3455/b1206p6/lighttpd1.4-3455/src/buffer.h
2025-12-18 05:08:30,638 - Knowledge - INFO - Worker kw2 processing /app/data/gemtektechnologycoltd2546/3455/b1206p6/lighttpd1.4-3455/src/sys-setjmp.c
2025-12-18 05:08:30,777 - Knowledge - INFO - Worker kw3 processing /app/data/gemtektechnologycoltd2546/3455/b1206p6/lighttpd1.4-3455/src/sock_addr.h
2025-12-18 05:08:30,865 - Knowledge - INFO - Worker kw4 processing /app/data/gemtektechnologycoltd2546/3455/b1206p6/lighttpd1.4-3455/src/server.c
2025-12-18 05:08:30,983 - Knowledge - INFO - Worker kw5 processing /app/data/gemtektechnologycoltd2546/3455/b1206p6/lighttpd1.4-3455/src/mod_staticfile.c
2025-12-18 05:08:31,087 - Knowledge - INFO - Worker kw6 processing /app/data/gemtektechnologycoltd2546/3455/b1206p6/lighttpd1.4-3455/src/mod_openssl.c
2025-12-18 05:08:31,186 - Knowledge - INFO - Worker kw7 processing /app/data/gemtektechnologycoltd2546/3455/b1206p6/lighttpd1.4-3455/src/mod_status.c
2025-12-18 05:08:31,294 - Knowledge - INFO - Batch sizing: calculated=6, max_allowed=10, queue=224, active_workers=7/9
2025-12-18 05:08:31,387 - Knowledge - INFO - [kw9] Queue=218, InProgress=0, PendingWorkers=7/9, Completed=0/260 (0.0%)
2025-12-18 05:08:31,478 - Knowledge - INFO - knowledge worker kw10 start
2025-12-18 05:08:31,478 - Knowledge - INFO - Worker kw11 created using shared MongoDB connection pool
2025-12-18 05:08:31,675 - Knowledge - INFO - Worker kw2 processing /app/data/gemtektechnologycoltd2546/3455/b1206p6/lighttpd1.4-3455/src/h2.h
2025-12-18 05:08:31,805 - Knowledge - INFO - Worker kw3 processing /app/data/gemtektechnologycoltd2546/3455/b1206p6/lighttpd1.4-3455/src/mod_vhostdb_api.h
2025-12-18 05:08:31,929 - Knowledge - INFO - Worker kw4 processing /app/data/gemtektechnologycoltd2546/3455/b1206p6/lighttpd1.4-3455/src/log.h
2025-12-18 05:08:32,010 - Knowledge - INFO - Worker kw5 processing /app/data/gemtektechnologycoltd2546/3455/b1206p6/lighttpd1.4-3455/src/vector.c
2025-12-18 05:08:32,097 - Knowledge - INFO - Fast-tracked /app/data/gemtektechnologycoltd2546/3455/b1206p6/lighttpd1.4-3455/src/mod_openssl.c (ext=.c, size=196331)
2025-12-18 05:08:32,178 - Knowledge - INFO - Worker kw7 processing /app/data/gemtektechnologycoltd2546/3455/b1206p6/lighttpd1.4-3455/src/compat/fastcgi.h
2025-12-18 05:08:32,261 - Knowledge - INFO - Worker kw8 processing /app/data/gemtektechnologycoltd2546/3455/b1206p6/lighttpd1.4-3455/src/t/test_http_header.c
2025-12-18 05:08:32,346 - Knowledge - INFO - Batch sizing: calculated=6, max_allowed=10, queue=218, active_workers=8/10
2025-12-18 05:08:32,434 - Knowledge - INFO - [kw10] Queue=212, InProgress=0, PendingWorkers=8/10, Completed=0/260 (0.0%)
2025-12-18 05:08:32,513 - Knowledge - INFO - knowledge worker kw11 start
2025-12-18 05:08:32,513 - Knowledge - INFO - Worker kw12 created using shared MongoDB connection pool
2025-12-18 05:08:32,697 - Knowledge - INFO - Fast-tracked /app/data/gemtektechnologycoltd2546/3455/b1206p6/lighttpd1.4-3455/src/mod_vhostdb_api.h (ext=.h, size=772)
2025-12-18 05:08:32,819 - Knowledge - INFO - Worker kw4 processing /app/data/gemtektechnologycoltd2546/3455/b1206p6/lighttpd1.4-3455/src/http_cgi.h
2025-12-18 05:08:32,899 - Knowledge - INFO - Fast-tracked /app/data/gemtektechnologycoltd2546/3455/b1206p6/lighttpd1.4-3455/src/vector.c (ext=.c, size=779)
2025-12-18 05:08:33,018 - Knowledge - INFO - Worker kw6 processing /app/data/gemtektechnologycoltd2546/3455/b1206p6/lighttpd1.4-3455/src/http_status.c
2025-12-18 05:08:33,151 - Knowledge - INFO - Worker kw7 processing /app/data/gemtektechnologycoltd2546/3455/b1206p6/lighttpd1.4-3455/src/compat/sys/queue.h
2025-12-18 05:08:33,251 - Knowledge - INFO - Worker kw8 processing /app/data/gemtektechnologycoltd2546/3455/b1206p6/lighttpd1.4-3455/src/t/test_mod_expire.c
2025-12-18 05:08:33,333 - Knowledge - INFO - Worker kw9 processing /app/data/gemtektechnologycoltd2546/3455/b1206p6/lighttpd1.4-3455/src/t/test_configfile.c
2025-12-18 05:08:33,414 - Knowledge - INFO - Batch sizing: calculated=6, max_allowed=10, queue=212, active_workers=9/11
2025-12-18 05:08:33,493 - Knowledge - INFO - [kw11] Queue=206, InProgress=0, PendingWorkers=9/11, Completed=0/260 (0.0%)
2025-12-18 05:08:33,609 - Knowledge - INFO - knowledge worker kw12 start
2025-12-18 05:08:33,612 - Knowledge - INFO - Worker kw13 created using shared MongoDB connection pool
2025-12-18 05:08:33,794 - Knowledge - INFO - Fast-tracked /app/data/gemtektechnologycoltd2546/3455/b1206p6/lighttpd1.4-3455/src/http_cgi.h (ext=.h, size=763)
2025-12-18 05:08:33,908 - Knowledge - INFO - Worker kw5 processing /app/data/gemtektechnologycoltd2546/3455/b1206p6/lighttpd1.4-3455/src/mod_maxminddb.c
2025-12-18 05:08:33,993 - Knowledge - INFO - Worker kw6 processing /app/data/gemtektechnologycoltd2546/3455/b1206p6/lighttpd1.4-3455/src/mod_accesslog.c
2025-12-18 05:08:34,094 - Knowledge - INFO - Worker kw7 processing /app/data/gemtektechnologycoltd2546/3455/b1206p6/lighttpd1.4-3455/src/t/test_mod.c
2025-12-18 05:08:34,168 - Knowledge - INFO - Worker kw8 processing /app/data/gemtektechnologycoltd2546/3455/b1206p6/lighttpd1.4-3455/src/t/test_mod_simple_vhost.c
2025-12-18 05:08:34,246 - Knowledge - INFO - Worker kw9 processing /app/data/gemtektechnologycoltd2546/3455/b1206p6/lighttpd1.4-3455/src/t/test_mod_ssi.c
2025-12-18 05:08:34,365 - Knowledge - INFO - Worker kw10 processing /app/data/gemtektechnologycoltd2546/3455/b1206p6/lighttpd1.4-3455/src/t/test_burl.c
2025-12-18 05:08:34,448 - Knowledge - INFO - Batch sizing: calculated=6, max_allowed=10, queue=206, active_workers=10/12
2025-12-18 05:08:34,530 - Knowledge - INFO - [kw12] Queue=200, InProgress=0, PendingWorkers=10/12, Completed=0/260 (0.0%)
2025-12-18 05:08:34,607 - Knowledge - INFO - knowledge worker kw13 start
2025-12-18 05:08:34,609 - Knowledge - INFO - Worker kw14 created using shared MongoDB connection pool
2025-12-18 05:08:34,689 - Knowledge - INFO - Worker kw4 processing /app/data/gemtektechnologycoltd2546/3455/b1206p6/lighttpd1.4-3455/src/reqpool.h
2025-12-18 05:08:34,798 - Knowledge - INFO - Worker kw5 processing /app/data/gemtektechnologycoltd2546/3455/b1206p6/lighttpd1.4-3455/src/mod_magnet_cache.h
2025-12-18 05:08:34,889 - Knowledge - INFO - Worker kw6 processing /app/data/gemtektechnologycoltd2546/3455/b1206p6/lighttpd1.4-3455/src/mod_nss.c
2025-12-18 05:08:34,981 - Knowledge - INFO - Fast-tracked /app/data/gemtektechnologycoltd2546/3455/b1206p6/lighttpd1.4-3455/src/t/test_mod.c (ext=.c, size=1820)
2025-12-18 05:08:35,069 - Knowledge - INFO - Fast-tracked /app/data/gemtektechnologycoltd2546/3455/b1206p6/lighttpd1.4-3455/src/t/test_mod_simple_vhost.c (ext=.c, size=1290)
2025-12-18 05:08:35,187 - Knowledge - INFO - Worker kw9 processing /app/data/gemtektechnologycoltd2546/3455/b1206p6/lighttpd1.4-3455/src/t/test_mod_access.c
2025-12-18 05:08:35,328 - Knowledge - INFO - Worker kw10 processing /app/data/gemtektechnologycoltd2546/3455/b1206p6/lighttpd1.4-3455/src/t/test_base64.c
2025-12-18 05:08:35,418 - Knowledge - INFO - Worker kw11 processing /app/data/gemtektechnologycoltd2546/3455/b1206p6/lighttpd1.4-3455/src/t/test_array.c
2025-12-18 05:08:35,516 - Knowledge - INFO - Batch sizing: calculated=5, max_allowed=10, queue=200, active_workers=11/13
2025-12-18 05:08:35,642 - Knowledge - INFO - [kw13] Queue=194, InProgress=0, PendingWorkers=11/13, Completed=0/260 (0.0%)
2025-12-18 05:08:35,719 - Knowledge - INFO - knowledge worker kw14 start
2025-12-18 05:08:35,719 - Knowledge - INFO - Worker kw15 created using shared MongoDB connection pool
2025-12-18 05:08:35,827 - Knowledge - INFO - Fast-tracked /app/data/gemtektechnologycoltd2546/3455/b1206p6/lighttpd1.4-3455/src/reqpool.h (ext=.h, size=663)
2025-12-18 05:08:35,907 - Knowledge - INFO - Fast-tracked /app/data/gemtektechnologycoltd2546/3455/b1206p6/lighttpd1.4-3455/src/mod_magnet_cache.h (ext=.h, size=743)
2025-12-18 05:08:35,998 - Knowledge - INFO - Fast-tracked /app/data/gemtektechnologycoltd2546/3455/b1206p6/lighttpd1.4-3455/src/mod_nss.c (ext=.c, size=147566)
2025-12-18 05:08:36,088 - Knowledge - INFO - Worker kw7 processing /app/data/gemtektechnologycoltd2546/3455/b1206p6/lighttpd1.4-3455/src/t/test_http_kv.c
2025-12-18 05:08:36,168 - Knowledge - INFO - Worker kw8 processing /app/data/gemtektechnologycoltd2546/3455/b1206p6/lighttpd1.4-3455/src/t/test_http_range.c
2025-12-18 05:08:36,283 - Knowledge - INFO - Fast-tracked /app/data/gemtektechnologycoltd2546/3455/b1206p6/lighttpd1.4-3455/src/t/test_mod_access.c (ext=.c, size=1651)
2025-12-18 05:08:36,371 - Knowledge - INFO - Worker kw10 processing /app/data/gemtektechnologycoltd2546/3455/b1206p6/lighttpd1.4-3455/src/t/test_mod_userdir.c
2025-12-18 05:08:36,488 - Knowledge - INFO - Worker kw11 processing /app/data/gemtektechnologycoltd2546/3455/b1206p6/lighttpd1.4-3455/src/fs_win32.c
2025-12-18 05:08:36,604 - Knowledge - INFO - Worker kw12 processing /app/data/gemtektechnologycoltd2546/3455/b1206p6/lighttpd1.4-3455/src/configfile.h
2025-12-18 05:08:36,687 - Knowledge - INFO - Batch sizing: calculated=5, max_allowed=10, queue=194, active_workers=12/14
2025-12-18 05:08:36,803 - Knowledge - INFO - [kw14] Queue=189, InProgress=0, PendingWorkers=12/14, Completed=0/260 (0.0%)
2025-12-18 05:08:36,889 - Knowledge - INFO - knowledge worker kw15 start
2025-12-18 05:08:36,889 - Knowledge - INFO - Worker kw16 created using shared MongoDB connection pool
2025-12-18 05:08:37,211 - Knowledge - INFO - Worker kw6 processing /app/data/gemtektechnologycoltd2546/3455/b1206p6/lighttpd1.4-3455/src/ck.h
2025-12-18 05:08:37,290 - Knowledge - INFO - Fast-tracked /app/data/gemtektechnologycoltd2546/3455/b1206p6/lighttpd1.4-3455/src/t/test_http_kv.c (ext=.c, size=577)
2025-12-18 05:08:37,382 - Knowledge - INFO - Worker kw8 processing /app/data/gemtektechnologycoltd2546/3455/b1206p6/lighttpd1.4-3455/src/t/test_buffer.c
2025-12-18 05:08:37,500 - Knowledge - INFO - Worker kw9 processing /app/data/gemtektechnologycoltd2546/3455/b1206p6/lighttpd1.4-3455/src/t/test_request.c
2025-12-18 05:08:37,617 - Knowledge - INFO - Worker kw10 processing /app/data/gemtektechnologycoltd2546/3455/b1206p6/lighttpd1.4-3455/src/t/test_http_status.c
2025-12-18 05:08:37,708 - Knowledge - INFO - Worker kw11 processing /app/data/gemtektechnologycoltd2546/3455/b1206p6/lighttpd1.4-3455/src/mod_magnet.c
2025-12-18 05:08:37,805 - Knowledge - INFO - Worker kw12 processing /app/data/gemtektechnologycoltd2546/3455/b1206p6/lighttpd1.4-3455/src/algo_hmac.c
2025-12-18 05:08:37,884 - Knowledge - INFO - Worker kw13 processing /app/data/gemtektechnologycoltd2546/3455/b1206p6/lighttpd1.4-3455/src/mod_redirect.c
2025-12-18 05:08:37,966 - Knowledge - INFO - Batch sizing: calculated=5, max_allowed=10, queue=189, active_workers=13/15
2025-12-18 05:08:38,061 - Knowledge - INFO - [kw15] Queue=184, InProgress=0, PendingWorkers=13/15, Completed=0/260 (0.0%)
2025-12-18 05:08:38,172 - Knowledge - INFO - knowledge worker kw16 start
2025-12-18 05:08:38,172 - Knowledge - INFO - Worker kw17 created using shared MongoDB connection pool
2025-12-18 05:08:38,340 - Knowledge - INFO - Worker kw7 processing /app/data/gemtektechnologycoltd2546/3455/b1206p6/lighttpd1.4-3455/src/t/test_mod_evhost.c
2025-12-18 05:08:38,450 - Knowledge - INFO - Worker kw8 processing /app/data/gemtektechnologycoltd2546/3455/b1206p6/lighttpd1.4-3455/src/t/test_keyvalue.c
2025-12-18 05:08:38,539 - Knowledge - INFO - Worker kw9 processing /app/data/gemtektechnologycoltd2546/3455/b1206p6/lighttpd1.4-3455/src/t/test_mod_alias.c
2025-12-18 05:08:38,659 - Knowledge - INFO - Fast-tracked /app/data/gemtektechnologycoltd2546/3455/b1206p6/lighttpd1.4-3455/src/t/test_http_status.c (ext=.c, size=205)
2025-12-18 05:08:38,743 - Knowledge - INFO - Fast-tracked /app/data/gemtektechnologycoltd2546/3455/b1206p6/lighttpd1.4-3455/src/mod_magnet.c (ext=.c, size=132587)
2025-12-18 05:08:38,859 - Knowledge - INFO - Worker kw12 processing /app/data/gemtektechnologycoltd2546/3455/b1206p6/lighttpd1.4-3455/src/fdevent_fdnode.c
2025-12-18 05:08:38,965 - Knowledge - INFO - Worker kw13 processing /app/data/gemtektechnologycoltd2546/3455/b1206p6/lighttpd1.4-3455/src/mod_sockproxy.c
2025-12-18 05:08:39,038 - Knowledge - INFO - Worker kw14 processing /app/data/gemtektechnologycoltd2546/3455/b1206p6/lighttpd1.4-3455/src/mod_rewrite.c
2025-12-18 05:08:39,124 - Knowledge - INFO - Batch sizing: calculated=5, max_allowed=10, queue=184, active_workers=14/16
2025-12-18 05:08:39,215 - Knowledge - INFO - [kw16] Queue=179, InProgress=0, PendingWorkers=14/16, Completed=0/260 (0.0%)
2025-12-18 05:08:39,305 - Knowledge - INFO - knowledge worker kw17 start
2025-12-18 05:08:39,306 - Knowledge - INFO - Worker kw18 created using shared MongoDB connection pool
2025-12-18 05:08:39,562 - Knowledge - INFO - Worker kw9 processing /app/data/gemtektechnologycoltd2546/3455/b1206p6/lighttpd1.4-3455/src/t/test_common.c
2025-12-18 05:08:39,650 - Knowledge - INFO - Worker kw10 processing /app/data/gemtektechnologycoltd2546/3455/b1206p6/lighttpd1.4-3455/src/t/test_mod_staticfile.c
2025-12-18 05:08:39,739 - Knowledge - INFO - Worker kw11 processing /app/data/gemtektechnologycoltd2546/3455/b1206p6/lighttpd1.4-3455/src/algo_xxhash.h
2025-12-18 05:08:39,834 - Knowledge - INFO - Worker kw12 processing /app/data/gemtektechnologycoltd2546/3455/b1206p6/lighttpd1.4-3455/src/keyvalue.h
2025-12-18 05:08:39,924 - Knowledge - INFO - Worker kw13 processing /app/data/gemtektechnologycoltd2546/3455/b1206p6/lighttpd1.4-3455/src/mod_auth.c
2025-12-18 05:08:40,007 - Knowledge - INFO - Worker kw14 processing /app/data/gemtektechnologycoltd2546/3455/b1206p6/lighttpd1.4-3455/src/mod_authn_sasl.c
2025-12-18 05:08:40,122 - Knowledge - INFO - Worker kw15 processing /app/data/gemtektechnologycoltd2546/3455/b1206p6/lighttpd1.4-3455/src/http_range.h
2025-12-18 05:08:40,211 - Knowledge - INFO - Batch sizing: calculated=5, max_allowed=10, queue=179, active_workers=15/17
2025-12-18 05:08:40,325 - Knowledge - INFO - [kw17] Queue=174, InProgress=0, PendingWorkers=15/17, Completed=0/260 (0.0%)
2025-12-18 05:08:40,414 - Knowledge - INFO - knowledge worker kw18 start
2025-12-18 05:08:40,414 - Knowledge - INFO - Worker kw19 created using shared MongoDB connection pool
2025-12-18 05:08:40,490 - Knowledge - INFO - Fast-tracked /app/data/gemtektechnologycoltd2546/3455/b1206p6/lighttpd1.4-3455/src/t/test_common.c (ext=.c, size=560)
2025-12-18 05:08:40,580 - Knowledge - INFO - Worker kw10 processing /app/data/gemtektechnologycoltd2546/3455/b1206p6/lighttpd1.4-3455/src/t/test_mod_indexfile.c
2025-12-18 05:08:40,673 - Knowledge - INFO - Fast-tracked /app/data/gemtektechnologycoltd2546/3455/b1206p6/lighttpd1.4-3455/src/algo_xxhash.h (ext=.h, size=268649)
2025-12-18 05:08:40,751 - Knowledge - INFO - Fast-tracked /app/data/gemtektechnologycoltd2546/3455/b1206p6/lighttpd1.4-3455/src/keyvalue.h (ext=.h, size=1209)
2025-12-18 05:08:40,870 - Knowledge - INFO - Worker kw13 processing /app/data/gemtektechnologycoltd2546/3455/b1206p6/lighttpd1.4-3455/src/fdevent.h
2025-12-18 05:08:40,989 - Knowledge - INFO - Worker kw14 processing /app/data/gemtektechnologycoltd2546/3455/b1206p6/lighttpd1.4-3455/src/lempar.c
2025-12-18 05:08:41,092 - Knowledge - INFO - Fast-tracked /app/data/gemtektechnologycoltd2546/3455/b1206p6/lighttpd1.4-3455/src/http_range.h (ext=.h, size=390)
2025-12-18 05:08:41,185 - Knowledge - INFO - Worker kw16 processing /app/data/gemtektechnologycoltd2546/3455/b1206p6/lighttpd1.4-3455/src/chunk.c
2025-12-18 05:08:41,270 - Knowledge - INFO - Batch sizing: calculated=5, max_allowed=10, queue=174, active_workers=16/18
2025-12-18 05:08:41,360 - Knowledge - INFO - [kw18] Queue=169, InProgress=0, PendingWorkers=16/18, Completed=0/260 (0.0%)
2025-12-18 05:08:41,447 - Knowledge - INFO - knowledge worker kw19 start
2025-12-18 05:08:41,447 - Knowledge - INFO - Worker kw20 created using shared MongoDB connection pool
2025-12-18 05:08:41,727 - Knowledge - INFO - Worker kw11 processing /app/data/gemtektechnologycoltd2546/3455/b1206p6/lighttpd1.4-3455/src/sys-strings.h
2025-12-18 05:08:41,835 - Knowledge - INFO - Worker kw12 processing /app/data/gemtektechnologycoltd2546/3455/b1206p6/lighttpd1.4-3455/src/algo_splaytree.c
2025-12-18 05:08:41,936 - Knowledge - INFO - Worker kw13 processing /app/data/gemtektechnologycoltd2546/3455/b1206p6/lighttpd1.4-3455/src/mod_access.c
2025-12-18 05:08:41,991 - Knowledge - INFO - Split /app/data/gemtektechnologycoltd2546/3455/b1206p6/lighttpd1.4-3455/src/server.c (72324 bytes) into 3 chunks of ~32KB
2025-12-18 05:08:42,043 - Knowledge - INFO - Worker kw14 processing /app/data/gemtektechnologycoltd2546/3455/b1206p6/lighttpd1.4-3455/src/fdlog.h
2025-12-18 05:08:42,139 - Knowledge - INFO - Worker kw15 processing /app/data/gemtektechnologycoltd2546/3455/b1206p6/lighttpd1.4-3455/src/server_win32.c
2025-12-18 05:08:42,224 - Knowledge - INFO - Worker kw16 processing /app/data/gemtektechnologycoltd2546/3455/b1206p6/lighttpd1.4-3455/src/request.c
2025-12-18 05:08:42,329 - Knowledge - INFO - Worker kw17 processing /app/data/gemtektechnologycoltd2546/3455/b1206p6/lighttpd1.4-3455/src/mod_vhostdb_ldap.c
2025-12-18 05:08:42,410 - Knowledge - INFO - Batch sizing: calculated=5, max_allowed=10, queue=169, active_workers=17/19
2025-12-18 05:08:42,498 - Knowledge - INFO - [kw19] Queue=164, InProgress=0, PendingWorkers=17/19, Completed=0/260 (0.0%)
2025-12-18 05:08:42,595 - Knowledge - INFO - knowledge worker kw20 start
2025-12-18 05:08:42,681 - Knowledge - INFO - Fast-tracked /app/data/gemtektechnologycoltd2546/3455/b1206p6/lighttpd1.4-3455/src/sys-strings.h (ext=.h, size=318)
2025-12-18 05:08:42,764 - Knowledge - INFO - Fast-tracked /app/data/gemtektechnologycoltd2546/3455/b1206p6/lighttpd1.4-3455/src/configfile.h (small file (2237 bytes))
2025-12-18 05:08:43,048 - Knowledge - INFO - Fast-tracked /app/data/gemtektechnologycoltd2546/3455/b1206p6/lighttpd1.4-3455/src/fdlog.h (ext=.h, size=1149)
2025-12-18 05:08:43,141 - Knowledge - INFO - Worker kw15 processing /app/data/gemtektechnologycoltd2546/3455/b1206p6/lighttpd1.4-3455/src/plugin_config.h
2025-12-18 05:08:43,215 - Knowledge - INFO - Worker kw16 processing /app/data/gemtektechnologycoltd2546/3455/b1206p6/lighttpd1.4-3455/src/mod_vhostdb.c
2025-12-18 05:08:43,303 - Knowledge - INFO - Worker kw17 processing /app/data/gemtektechnologycoltd2546/3455/b1206p6/lighttpd1.4-3455/src/mod_scgi.c
2025-12-18 05:08:43,393 - Knowledge - INFO - Worker kw18 processing /app/data/gemtektechnologycoltd2546/3455/b1206p6/lighttpd1.4-3455/src/burl.c
2025-12-18 05:08:43,528 - Knowledge - INFO - Batch sizing: calculated=5, max_allowed=10, queue=164, active_workers=18/20
2025-12-18 05:08:43,613 - Knowledge - INFO - [kw20] Queue=159, InProgress=0, PendingWorkers=18/20, Completed=0/260 (0.0%)
2025-12-18 05:08:43,715 - Knowledge - INFO - Worker kw11 processing /app/data/gemtektechnologycoltd2546/3455/b1206p6/lighttpd1.4-3455/src/lemon.c
2025-12-18 05:08:43,927 - Knowledge - INFO - Worker kw14 processing /app/data/gemtektechnologycoltd2546/3455/b1206p6/lighttpd1.4-3455/src/mod_proxy.c
2025-12-18 05:08:44,037 - Knowledge - INFO - Worker kw15 processing /app/data/gemtektechnologycoltd2546/3455/b1206p6/lighttpd1.4-3455/src/mod_alias.c
2025-12-18 05:08:44,111 - Knowledge - INFO - Worker kw16 processing /app/data/gemtektechnologycoltd2546/3455/b1206p6/lighttpd1.4-3455/src/network_write.h
2025-12-18 05:08:44,192 - Knowledge - INFO - Worker kw17 processing /app/data/gemtektechnologycoltd2546/3455/b1206p6/lighttpd1.4-3455/src/base64.c
2025-12-18 05:08:44,280 - Knowledge - INFO - Worker kw18 processing /app/data/gemtektechnologycoltd2546/3455/b1206p6/lighttpd1.4-3455/src/rand.c
2025-12-18 05:08:44,376 - Knowledge - INFO - Worker kw19 processing /app/data/gemtektechnologycoltd2546/3455/b1206p6/lighttpd1.4-3455/src/mod_authn_gssapi.c
2025-12-18 05:08:44,464 - Knowledge - INFO - Batch sizing: calculated=5, max_allowed=10, queue=159, active_workers=19/20
2025-12-18 05:08:44,557 - Knowledge - INFO - Fast-tracked /app/data/gemtektechnologycoltd2546/3455/b1206p6/lighttpd1.4-3455/src/lemon.c (ext=.c, size=182120)
2025-12-18 05:08:44,718 - Knowledge - INFO - Worker kw15 processing /app/data/gemtektechnologycoltd2546/3455/b1206p6/lighttpd1.4-3455/src/h1.c
2025-12-18 05:08:44,824 - Knowledge - INFO - Fast-tracked /app/data/gemtektechnologycoltd2546/3455/b1206p6/lighttpd1.4-3455/src/network_write.h (ext=.h, size=292)
2025-12-18 05:08:44,924 - Knowledge - INFO - Worker kw17 processing /app/data/gemtektechnologycoltd2546/3455/b1206p6/lighttpd1.4-3455/src/http_kv.h
2025-12-18 05:08:45,025 - Knowledge - INFO - Worker kw18 processing /app/data/gemtektechnologycoltd2546/3455/b1206p6/lighttpd1.4-3455/src/http_etag.h
2025-12-18 05:08:45,112 - Knowledge - INFO - Worker kw19 processing /app/data/gemtektechnologycoltd2546/3455/b1206p6/lighttpd1.4-3455/src/algo_md5.h
2025-12-18 05:08:45,191 - Knowledge - INFO - Worker kw20 processing /app/data/gemtektechnologycoltd2546/3455/b1206p6/lighttpd1.4-3455/src/http_header.h
2025-12-18 05:08:45,322 - Knowledge - INFO - Fast-tracked /app/data/gemtektechnologycoltd2546/3455/b1206p6/lighttpd1.4-3455/src/t/test_array.c (small file (2039 bytes))
2025-12-18 05:08:45,583 - Knowledge - INFO - Worker kw16 processing /app/data/gemtektechnologycoltd2546/3455/b1206p6/lighttpd1.4-3455/src/mod_wolfssl.c
2025-12-18 05:08:45,682 - Knowledge - INFO - Worker kw17 processing /app/data/gemtektechnologycoltd2546/3455/b1206p6/lighttpd1.4-3455/src/mod_rrdtool.c
2025-12-18 05:08:45,801 - Knowledge - INFO - Fast-tracked /app/data/gemtektechnologycoltd2546/3455/b1206p6/lighttpd1.4-3455/src/http_etag.h (ext=.h, size=660)
2025-12-18 05:08:45,886 - Knowledge - INFO - Fast-tracked /app/data/gemtektechnologycoltd2546/3455/b1206p6/lighttpd1.4-3455/src/algo_md5.h (ext=.h, size=1697)
2025-12-18 05:08:45,975 - Knowledge - INFO - Worker kw20 processing /app/data/gemtektechnologycoltd2546/3455/b1206p6/lighttpd1.4-3455/src/sock_addr_cache.c
2025-12-18 05:08:46,223 - Knowledge - INFO - Fast-tracked /app/data/gemtektechnologycoltd2546/3455/b1206p6/lighttpd1.4-3455/src/mod_wolfssl.c (ext=.c, size=151556)
2025-12-18 05:08:46,446 - Knowledge - INFO - Worker kw18 processing /app/data/gemtektechnologycoltd2546/3455/b1206p6/lighttpd1.4-3455/src/mod_extforward.c
2025-12-18 05:08:46,546 - Knowledge - INFO - Worker kw19 processing /app/data/gemtektechnologycoltd2546/3455/b1206p6/lighttpd1.4-3455/src/mod_userdir.c
2025-12-18 05:08:46,628 - Knowledge - INFO - Worker kw20 processing /app/data/gemtektechnologycoltd2546/3455/b1206p6/lighttpd1.4-3455/src/http_chunk.h
2025-12-18 05:08:46,831 - Knowledge - INFO - Worker kw18 processing /app/data/gemtektechnologycoltd2546/3455/b1206p6/lighttpd1.4-3455/src/gw_backend.c
2025-12-18 05:08:46,950 - Knowledge - INFO - Worker kw19 processing /app/data/gemtektechnologycoltd2546/3455/b1206p6/lighttpd1.4-3455/src/http_date.c
2025-12-18 05:08:47,041 - Knowledge - INFO - Fast-tracked /app/data/gemtektechnologycoltd2546/3455/b1206p6/lighttpd1.4-3455/src/http_chunk.h (ext=.h, size=1094)
2025-12-18 05:08:47,150 - Knowledge - INFO - Fast-tracked /app/data/gemtektechnologycoltd2546/3455/b1206p6/lighttpd1.4-3455/src/gw_backend.c (ext=.c, size=114644)
2025-12-18 05:08:47,243 - Knowledge - INFO - Worker kw19 processing /app/data/gemtektechnologycoltd2546/3455/b1206p6/lighttpd1.4-3455/src/CMakeLists.txt
2025-12-18 05:08:47,334 - Knowledge - INFO - Worker kw20 processing /app/data/gemtektechnologycoltd2546/3455/b1206p6/lighttpd1.4-3455/src/fdevent_impl.c
2025-12-18 05:08:47,503 - Knowledge - INFO - Fast-tracked /app/data/gemtektechnologycoltd2546/3455/b1206p6/lighttpd1.4-3455/src/CMakeLists.txt (ext=.txt, size=37895)
2025-12-18 05:08:47,589 - Knowledge - INFO - Worker kw20 processing /app/data/gemtektechnologycoltd2546/3455/b1206p6/lighttpd1.4-3455/src/first.h
2025-12-18 05:08:49,794 - Knowledge - INFO - Fast-tracked /app/data/gemtektechnologycoltd2546/3455/b1206p6/lighttpd1.4-3455/src/t/test_base64.c (small file (2246 bytes))
2025-12-18 05:08:56,263 - Knowledge - INFO - [LLM_CALL] Completed: ci-build.sh:chunk1, Duration: 24691ms, PromptTokens: 4644, CompletionTokens: 59, Cost: $0.00049
2025-12-18 05:08:56,467 - Knowledge - INFO - done ingest for /app/data/gemtektechnologycoltd2546/3455/b1206p6/lighttpd1.4-3455/scripts/ci-build.sh
2025-12-18 05:09:01,325 - Knowledge - INFO - Split /app/data/gemtektechnologycoltd2546/3455/b1206p6/lighttpd1.4-3455/src/request.c (66288 bytes) into 3 chunks of ~32KB
2025-12-18 05:09:02,964 - Knowledge - INFO - [LLM_CALL] Completed: fs_win32.c:chunk1, Duration: 16873ms, PromptTokens: 2964, CompletionTokens: 481, Cost: $0.00049
2025-12-18 05:09:03,282 - Knowledge - INFO - done ingest for /app/data/gemtektechnologycoltd2546/3455/b1206p6/lighttpd1.4-3455/src/fs_win32.c
2025-12-18 05:09:03,564 - Knowledge - INFO - Processing batch of 6 files
2025-12-18 05:09:03,759 - Knowledge - INFO - process ingested knowledge for /app/data/gemtektechnologycoltd2546/3455/b1206p6/lighttpd1.4-3455/src/t/test_array.c
2025-12-18 05:09:03,982 - Knowledge - INFO - process ingested knowledge for /app/data/gemtektechnologycoltd2546/3455/b1206p6/lighttpd1.4-3455/src/fs_win32.c
2025-12-18 05:09:04,204 - Knowledge - INFO - process ingested knowledge for /app/data/gemtektechnologycoltd2546/3455/b1206p6/lighttpd1.4-3455/src/mod_magnet.c
2025-12-18 05:09:04,399 - Knowledge - INFO - process ingested knowledge for /app/data/gemtektechnologycoltd2546/3455/b1206p6/lighttpd1.4-3455/src/algo_xxhash.h
2025-12-18 05:09:04,548 - Knowledge - INFO - process ingested knowledge for /app/data/gemtektechnologycoltd2546/3455/b1206p6/lighttpd1.4-3455/src/sys-strings.h
2025-12-18 05:09:04,697 - Knowledge - INFO - process ingested knowledge for /app/data/gemtektechnologycoltd2546/3455/b1206p6/lighttpd1.4-3455/src/lemon.c
2025-12-18 05:09:05,353 - Knowledge - INFO - Fast-tracked /app/data/gemtektechnologycoltd2546/3455/b1206p6/lighttpd1.4-3455/src/sock_addr.h (small file (2516 bytes))
2025-12-18 05:09:07,344 - Knowledge - INFO - Fast-tracked /app/data/gemtektechnologycoltd2546/3455/b1206p6/lighttpd1.4-3455/src/sock_addr_cache.c (small file (2024 bytes))
2025-12-18 05:09:07,937 - Knowledge - INFO - [WEBSOCKET] Sent: Type=progress_update, Size: 290, Duration: 0ms
2025-12-18 05:09:08,215 - Knowledge - INFO - [WEBSOCKET] Sent: Type=unknown, Size: ?, Duration: 277ms
2025-12-18 05:09:08,428 - Knowledge - INFO - Progress: 2.3% | Files: 6/260 | Rate: 0.12 files/sec | Queue: 149
2025-12-18 05:09:08,428 - Knowledge - INFO - [LLM_CALL] Completed: data_config.c:chunk1, Duration: 35950ms, PromptTokens: 3774, CompletionTokens: 562, Cost: $0.00060
2025-12-18 05:09:08,615 - Knowledge - INFO - [kw11] Queue=149, InProgress=0, PendingWorkers=20/20, Completed=6/260 (2.3%)
2025-12-18 05:09:08,745 - Knowledge - INFO - done ingest for /app/data/gemtektechnologycoltd2546/3455/b1206p6/lighttpd1.4-3455/src/data_config.c
2025-12-18 05:09:08,830 - Knowledge - INFO - Batch sizing: calculated=5, max_allowed=10, queue=149, active_workers=20/20
2025-12-18 05:09:09,168 - Knowledge - INFO - Async storing batch of 6 embeddings
2025-12-18 05:09:09,427 - Knowledge - INFO - Worker kw11 processing /app/data/gemtektechnologycoltd2546/3455/b1206p6/lighttpd1.4-3455/src/sys-stat.h
2025-12-18 05:09:09,785 - Knowledge - INFO - Worker kw11 processing /app/data/gemtektechnologycoltd2546/3455/b1206p6/lighttpd1.4-3455/src/mod_authn_dbi.c
2025-12-18 05:09:10,359 - Knowledge - INFO - Worker kw11 processing /app/data/gemtektechnologycoltd2546/3455/b1206p6/lighttpd1.4-3455/src/algo_splaytree.h
2025-12-18 05:09:10,595 - Knowledge - INFO - Fast-tracked /app/data/gemtektechnologycoltd2546/3455/b1206p6/lighttpd1.4-3455/src/algo_splaytree.h (ext=.h, size=1133)
2025-12-18 05:09:11,162 - Knowledge - INFO - Worker kw11 processing /app/data/gemtektechnologycoltd2546/3455/b1206p6/lighttpd1.4-3455/src/http_kv.c
2025-12-18 05:09:11,507 - Knowledge - INFO - Worker kw11 processing /app/data/gemtektechnologycoltd2546/3455/b1206p6/lighttpd1.4-3455/src/configfile-glue.c
2025-12-18 05:09:11,749 - Knowledge - INFO - Fast-tracked /app/data/gemtektechnologycoltd2546/3455/b1206p6/lighttpd1.4-3455/src/sys-stat.h (small file (2843 bytes))
2025-12-18 05:09:11,791 - Knowledge - INFO - [LLM_CALL] Completed: plugin.c:chunk1, Duration: 35474ms, PromptTokens: 11470, CompletionTokens: 894, Cost: $0.00150
2025-12-18 05:09:12,217 - Knowledge - INFO - done ingest for /app/data/gemtektechnologycoltd2546/3455/b1206p6/lighttpd1.4-3455/src/plugin.c
2025-12-18 05:09:15,307 - Knowledge - INFO - [LLM_CALL] Completed: buffer.h:chunk1, Duration: 33491ms, PromptTokens: 9108, CompletionTokens: 1682, Cost: $0.00158
2025-12-18 05:09:15,498 - Knowledge - INFO - done ingest for /app/data/gemtektechnologycoltd2546/3455/b1206p6/lighttpd1.4-3455/src/buffer.h
2025-12-18 05:09:18,915 - Knowledge - INFO - [LLM_CALL] Completed: sys-dirent.h:chunk1, Duration: 41935ms, PromptTokens: 3500, CompletionTokens: 399, Cost: $0.00051
2025-12-18 05:09:19,080 - Knowledge - INFO - done ingest for /app/data/gemtektechnologycoltd2546/3455/b1206p6/lighttpd1.4-3455/src/sys-dirent.h
2025-12-18 05:09:19,082 - Knowledge - INFO - [LLM_CALL] Completed: stat_cache.c:chunk1, Duration: 45328ms, PromptTokens: 30116, CompletionTokens: 2426, Cost: $0.00398
2025-12-18 05:09:19,417 - Knowledge - INFO - done ingest for /app/data/gemtektechnologycoltd2546/3455/b1206p6/lighttpd1.4-3455/src/stat_cache.c
2025-12-18 05:09:20,098 - Knowledge - INFO - [LLM_CALL] Completed: algo_sha1.c:chunk1, Duration: 41405ms, PromptTokens: 5840, CompletionTokens: 241, Cost: $0.00068
2025-12-18 05:09:20,253 - Knowledge - INFO - done ingest for /app/data/gemtektechnologycoltd2546/3455/b1206p6/lighttpd1.4-3455/src/algo_sha1.c
2025-12-18 05:09:20,274 - Knowledge - INFO - Processing batch of 6 files
2025-12-18 05:09:20,930 - Knowledge - INFO - process ingested knowledge for /app/data/gemtektechnologycoltd2546/3455/b1206p6/lighttpd1.4-3455/scripts/ci-build.sh
2025-12-18 05:09:21,185 - Knowledge - INFO - process ingested knowledge for /app/data/gemtektechnologycoltd2546/3455/b1206p6/lighttpd1.4-3455/scripts/cmake/LighttpdMacros.cmake
2025-12-18 05:09:21,392 - Knowledge - INFO - process ingested knowledge for /app/data/gemtektechnologycoltd2546/3455/b1206p6/lighttpd1.4-3455/src/data_config.c
2025-12-18 05:09:21,755 - Knowledge - INFO - process ingested knowledge for /app/data/gemtektechnologycoltd2546/3455/b1206p6/lighttpd1.4-3455/src/stat_cache.c
2025-12-18 05:09:22,047 - Knowledge - INFO - process ingested knowledge for /app/data/gemtektechnologycoltd2546/3455/b1206p6/lighttpd1.4-3455/src/plugin.c
2025-12-18 05:09:22,705 - Knowledge - INFO - process ingested knowledge for /app/data/gemtektechnologycoltd2546/3455/b1206p6/lighttpd1.4-3455/src/buffer.h
2025-12-18 05:09:23,518 - Knowledge - INFO - [LLM_CALL] Completed: mod_vhostdb_pgsql.c:chunk1, Duration: 49813ms, PromptTokens: 5806, CompletionTokens: 767, Cost: $0.00089
2025-12-18 05:09:23,736 - Knowledge - INFO - done ingest for /app/data/gemtektechnologycoltd2546/3455/b1206p6/lighttpd1.4-3455/src/mod_vhostdb_pgsql.c
2025-12-18 05:09:24,670 - Knowledge - INFO - [LLM_CALL] Completed: mod_auth_api.h:chunk1, Duration: 35086ms, PromptTokens: 2396, CompletionTokens: 574, Cost: $0.00047
2025-12-18 05:09:24,900 - Knowledge - INFO - done ingest for /app/data/gemtektechnologycoltd2546/3455/b1206p6/lighttpd1.4-3455/src/mod_auth_api.h
2025-12-18 05:09:25,149 - Knowledge - INFO - [LLM_CALL] Completed: log.h:chunk1, Duration: 29270ms, PromptTokens: 3130, CompletionTokens: 628, Cost: $0.00056
2025-12-18 05:09:25,470 - Knowledge - INFO - done ingest for /app/data/gemtektechnologycoltd2546/3455/b1206p6/lighttpd1.4-3455/src/log.h
2025-12-18 05:09:25,472 - Knowledge - INFO - [WEBSOCKET] Sent: Type=progress_update, Size: 292, Duration: 0ms
2025-12-18 05:09:25,867 - Knowledge - INFO - [WEBSOCKET] Sent: Type=unknown, Size: ?, Duration: 395ms
2025-12-18 05:09:26,224 - Knowledge - INFO - Progress: 4.6% | Files: 12/260 | Rate: 0.18 files/sec | Queue: 144
2025-12-18 05:09:26,480 - Knowledge - INFO - [kw1] Queue=144, InProgress=0, PendingWorkers=20/20, Completed=12/260 (4.6%)
2025-12-18 05:09:26,854 - Knowledge - INFO - Batch sizing: calculated=5, max_allowed=10, queue=144, active_workers=20/20
2025-12-18 05:09:27,221 - Knowledge - INFO - Async storing batch of 6 embeddings
2025-12-18 05:09:27,681 - Knowledge - INFO - Worker kw1 processing /app/data/gemtektechnologycoltd2546/3455/b1206p6/lighttpd1.4-3455/src/http-header-glue.c
2025-12-18 05:09:28,027 - Knowledge - INFO - Worker kw1 processing /app/data/gemtektechnologycoltd2546/3455/b1206p6/lighttpd1.4-3455/src/base.h
2025-12-18 05:09:28,282 - Knowledge - INFO - Worker kw1 processing /app/data/gemtektechnologycoltd2546/3455/b1206p6/lighttpd1.4-3455/src/sys-crypto-md.h
2025-12-18 05:09:28,766 - Knowledge - INFO - Worker kw1 processing /app/data/gemtektechnologycoltd2546/3455/b1206p6/lighttpd1.4-3455/src/sys-time.h
2025-12-18 05:09:29,186 - Knowledge - INFO - Worker kw1 processing /app/data/gemtektechnologycoltd2546/3455/b1206p6/lighttpd1.4-3455/src/fs_win32.h
2025-12-18 05:09:35,676 - Knowledge - INFO - [LLM_CALL] Completed: response.c:chunk1, Duration: 59273ms, PromptTokens: 19426, CompletionTokens: 2335, Cost: $0.00288
2025-12-18 05:09:35,921 - Knowledge - INFO - done ingest for /app/data/gemtektechnologycoltd2546/3455/b1206p6/lighttpd1.4-3455/src/response.c
2025-12-18 05:09:37,288 - Knowledge - INFO - Processing batch of 6 files
2025-12-18 05:09:37,482 - Knowledge - INFO - process ingested knowledge for /app/data/gemtektechnologycoltd2546/3455/b1206p6/lighttpd1.4-3455/src/mod_vhostdb_pgsql.c
2025-12-18 05:09:37,523 - Knowledge - INFO - [LLM_CALL] Completed: h2.h:chunk1, Duration: 42612ms, PromptTokens: 2820, CompletionTokens: 238, Cost: $0.00038
2025-12-18 05:09:37,786 - Knowledge - INFO - process ingested knowledge for /app/data/gemtektechnologycoltd2546/3455/b1206p6/lighttpd1.4-3455/src/response.c
2025-12-18 05:09:38,041 - Knowledge - INFO - done ingest for /app/data/gemtektechnologycoltd2546/3455/b1206p6/lighttpd1.4-3455/src/h2.h
2025-12-18 05:09:38,049 - Knowledge - INFO - Fast-tracked /app/data/gemtektechnologycoltd2546/3455/b1206p6/lighttpd1.4-3455/src/t/test_mod_evhost.c (small file (2432 bytes))
2025-12-18 05:09:38,169 - Knowledge - INFO - process ingested knowledge for /app/data/gemtektechnologycoltd2546/3455/b1206p6/lighttpd1.4-3455/src/algo_sha1.c
2025-12-18 05:09:38,497 - Knowledge - INFO - process ingested knowledge for /app/data/gemtektechnologycoltd2546/3455/b1206p6/lighttpd1.4-3455/src/mod_auth_api.h
2025-12-18 05:09:38,733 - Knowledge - INFO - process ingested knowledge for /app/data/gemtektechnologycoltd2546/3455/b1206p6/lighttpd1.4-3455/src/sock_addr.h
2025-12-18 05:09:38,977 - Knowledge - INFO - process ingested knowledge for /app/data/gemtektechnologycoltd2546/3455/b1206p6/lighttpd1.4-3455/src/mod_vhostdb_api.h
2025-12-18 05:09:39,141 - Knowledge - INFO - [LLM_CALL] Completed: sys-setjmp.c:chunk1, Duration: 56685ms, PromptTokens: 2506, CompletionTokens: 310, Cost: $0.00037
2025-12-18 05:09:39,353 - Knowledge - INFO - done ingest for /app/data/gemtektechnologycoltd2546/3455/b1206p6/lighttpd1.4-3455/src/sys-setjmp.c
2025-12-18 05:09:42,970 - Knowledge - INFO - [WEBSOCKET] Sent: Type=progress_update, Size: 292, Duration: 0ms
2025-12-18 05:09:43,263 - Knowledge - INFO - [WEBSOCKET] Sent: Type=unknown, Size: ?, Duration: 293ms
2025-12-18 05:09:43,561 - Knowledge - INFO - Progress: 6.9% | Files: 18/260 | Rate: 0.21 files/sec | Queue: 139
2025-12-18 05:09:43,815 - Knowledge - INFO - [kw3] Queue=139, InProgress=0, PendingWorkers=20/20, Completed=18/260 (6.9%)
2025-12-18 05:09:44,053 - Knowledge - INFO - Batch sizing: calculated=5, max_allowed=10, queue=139, active_workers=20/20
2025-12-18 05:09:44,063 - Knowledge - INFO - [LLM_CALL] Completed: fastcgi.h:chunk1, Duration: 58920ms, PromptTokens: 2544, CompletionTokens: 361, Cost: $0.00040
2025-12-18 05:09:44,905 - Knowledge - INFO - done ingest for /app/data/gemtektechnologycoltd2546/3455/b1206p6/lighttpd1.4-3455/src/compat/fastcgi.h
2025-12-18 05:09:44,923 - Knowledge - INFO - Async storing batch of 6 embeddings
2025-12-18 05:09:45,332 - Knowledge - INFO - Worker kw3 processing /app/data/gemtektechnologycoltd2546/3455/b1206p6/lighttpd1.4-3455/src/sys-endian.h
2025-12-18 05:09:45,919 - Knowledge - INFO - Worker kw3 processing /app/data/gemtektechnologycoltd2546/3455/b1206p6/lighttpd1.4-3455/src/http_etag.c
2025-12-18 05:09:46,380 - Knowledge - INFO - Worker kw3 processing /app/data/gemtektechnologycoltd2546/3455/b1206p6/lighttpd1.4-3455/src/algo_hmac.h
2025-12-18 05:09:46,825 - Knowledge - INFO - Fast-tracked /app/data/gemtektechnologycoltd2546/3455/b1206p6/lighttpd1.4-3455/src/algo_hmac.h (ext=.h, size=1136)
2025-12-18 05:09:47,237 - Knowledge - INFO - Worker kw3 processing /app/data/gemtektechnologycoltd2546/3455/b1206p6/lighttpd1.4-3455/src/mod_fastcgi.c
2025-12-18 05:09:47,526 - Knowledge - INFO - Worker kw3 processing /app/data/gemtektechnologycoltd2546/3455/b1206p6/lighttpd1.4-3455/src/algo_md.h
2025-12-18 05:09:47,854 - Knowledge - INFO - Fast-tracked /app/data/gemtektechnologycoltd2546/3455/b1206p6/lighttpd1.4-3455/src/algo_md.h (ext=.h, size=1378)
2025-12-18 05:09:48,171 - Knowledge - INFO - Fast-tracked /app/data/gemtektechnologycoltd2546/3455/b1206p6/lighttpd1.4-3455/src/sys-endian.h (small file (2117 bytes))
2025-12-18 05:09:48,397 - Knowledge - INFO - Fast-tracked /app/data/gemtektechnologycoltd2546/3455/b1206p6/lighttpd1.4-3455/src/http_etag.c (small file (2586 bytes))
2025-12-18 05:09:51,036 - Knowledge - INFO - [LLM_CALL] Completed: algo_splaytree.c:chunk1, Duration: 26118ms, PromptTokens: 3902, CompletionTokens: 378, Cost: $0.00054
2025-12-18 05:09:51,283 - Knowledge - INFO - done ingest for /app/data/gemtektechnologycoltd2546/3455/b1206p6/lighttpd1.4-3455/src/algo_splaytree.c
2025-12-18 05:10:01,864 - Knowledge - INFO - [LLM_CALL] Completed: http_header.h:chunk1, Duration: 74057ms, PromptTokens: 3700, CompletionTokens: 59, Cost: $0.00039
2025-12-18 05:10:02,355 - Knowledge - INFO - done ingest for /app/data/gemtektechnologycoltd2546/3455/b1206p6/lighttpd1.4-3455/src/http_header.h
2025-12-18 05:10:09,254 - Knowledge - INFO - [LLM_CALL] Completed: first.h:chunk1, Duration: 32181ms, PromptTokens: 6038, CompletionTokens: 316, Cost: $0.00073
2025-12-18 05:10:09,698 - Knowledge - INFO - done ingest for /app/data/gemtektechnologycoltd2546/3455/b1206p6/lighttpd1.4-3455/src/first.h
2025-12-18 05:10:09,941 - Knowledge - WARNING - Timeout processing /app/data/gemtektechnologycoltd2546/3455/b1206p6/lighttpd1.4-3455/src/t/test_burl.c after 90s - using fallback metadata
2025-12-18 05:10:10,461 - Knowledge - WARNING - Timeout processing /app/data/gemtektechnologycoltd2546/3455/b1206p6/lighttpd1.4-3455/src/t/test_mod_userdir.c after 90s - using fallback metadata
2025-12-18 05:10:10,849 - Knowledge - WARNING - Timeout processing /app/data/gemtektechnologycoltd2546/3455/b1206p6/lighttpd1.4-3455/src/t/test_mod_staticfile.c after 90s - using fallback metadata
2025-12-18 05:10:11,576 - Knowledge - INFO - Async storage completed for 6 embeddings
2025-12-18 05:10:12,006 - Knowledge - WARNING - Timeout processing /app/data/gemtektechnologycoltd2546/3455/b1206p6/lighttpd1.4-3455/src/t/test_mod_indexfile.c after 90s - using fallback metadata
2025-12-18 05:10:12,164 - Knowledge - INFO - [LLM_CALL] Completed: array.c:chunk1, Duration: 97677ms, PromptTokens: 13098, CompletionTokens: 1883, Cost: $0.00206
2025-12-18 05:10:12,426 - Knowledge - INFO - done ingest for /app/data/gemtektechnologycoltd2546/3455/b1206p6/lighttpd1.4-3455/src/array.c
2025-12-18 05:10:12,478 - Knowledge - INFO - [LLM_CALL] Completed: queue.h:chunk1, Duration: 65960ms, PromptTokens: 13112, CompletionTokens: 761, Cost: $0.00162
2025-12-18 05:10:12,802 - Knowledge - INFO - done ingest for /app/data/gemtektechnologycoltd2546/3455/b1206p6/lighttpd1.4-3455/src/compat/sys/queue.h
2025-12-18 05:10:12,830 - Knowledge - INFO - [LLM_CALL] Completed: http_date.c:chunk1, Duration: 40950ms, PromptTokens: 7344, CompletionTokens: 372, Cost: $0.00088
2025-12-18 05:10:13,374 - Knowledge - INFO - done ingest for /app/data/gemtektechnologycoltd2546/3455/b1206p6/lighttpd1.4-3455/src/http_date.c
2025-12-18 05:10:15,324 - Knowledge - INFO - Processing batch of 6 files
2025-12-18 05:10:15,822 - Knowledge - INFO - process ingested knowledge for /app/data/gemtektechnologycoltd2546/3455/b1206p6/lighttpd1.4-3455/src/t/test_burl.c
2025-12-18 05:10:16,288 - Knowledge - INFO - [LLM_CALL] Completed: http_status.c:chunk1, Duration: 91680ms, PromptTokens: 3990, CompletionTokens: 248, Cost: $0.00050
2025-12-18 05:10:16,311 - Knowledge - INFO - process ingested knowledge for /app/data/gemtektechnologycoltd2546/3455/b1206p6/lighttpd1.4-3455/src/t/test_base64.c
2025-12-18 05:10:16,318 - Knowledge - WARNING - Timeout processing /app/data/gemtektechnologycoltd2546/3455/b1206p6/lighttpd1.4-3455/src/server_win32.c after 90s - using fallback metadata
2025-12-18 05:10:16,552 - Knowledge - INFO - done ingest for /app/data/gemtektechnologycoltd2546/3455/b1206p6/lighttpd1.4-3455/src/http_status.c
2025-12-18 05:10:16,568 - Knowledge - INFO - [LLM_CALL] Completed: test_mod_alias.c:chunk1, Duration: 38070ms, PromptTokens: 3414, CompletionTokens: 291, Cost: $0.00046
2025-12-18 05:10:16,893 - Knowledge - INFO - process ingested knowledge for /app/data/gemtektechnologycoltd2546/3455/b1206p6/lighttpd1.4-3455/src/t/test_mod_userdir.c
2025-12-18 05:10:17,102 - Knowledge - WARNING - Timeout processing /app/data/gemtektechnologycoltd2546/3455/b1206p6/lighttpd1.4-3455/src/plugin_config.h after 90s - using fallback metadata
2025-12-18 05:10:17,816 - Knowledge - INFO - done ingest for /app/data/gemtektechnologycoltd2546/3455/b1206p6/lighttpd1.4-3455/src/t/test_mod_alias.c
2025-12-18 05:10:18,089 - Knowledge - INFO - process ingested knowledge for /app/data/gemtektechnologycoltd2546/3455/b1206p6/lighttpd1.4-3455/src/t/test_http_status.c
2025-12-18 05:10:18,346 - Knowledge - WARNING - Timeout processing /app/data/gemtektechnologycoltd2546/3455/b1206p6/lighttpd1.4-3455/src/mod_alias.c after 90s - using fallback metadata
2025-12-18 05:10:18,353 - Knowledge - INFO - Async storage completed for 6 embeddings
2025-12-18 05:10:18,623 - Knowledge - INFO - process ingested knowledge for /app/data/gemtektechnologycoltd2546/3455/b1206p6/lighttpd1.4-3455/src/t/test_mod_staticfile.c
2025-12-18 05:10:18,793 - Knowledge - WARNING - Timeout processing /app/data/gemtektechnologycoltd2546/3455/b1206p6/lighttpd1.4-3455/src/h1.c after 90s - using fallback metadata
2025-12-18 05:10:19,001 - Knowledge - INFO - process ingested knowledge for /app/data/gemtektechnologycoltd2546/3455/b1206p6/lighttpd1.4-3455/src/t/test_mod_indexfile.c
2025-12-18 05:10:20,574 - Knowledge - WARNING - Timeout processing /app/data/gemtektechnologycoltd2546/3455/b1206p6/lighttpd1.4-3455/src/t/test_http_header.c after 90s - using fallback metadata
2025-12-18 05:10:21,212 - Knowledge - WARNING - Timeout processing /app/data/gemtektechnologycoltd2546/3455/b1206p6/lighttpd1.4-3455/src/t/test_mod_expire.c after 90s - using fallback metadata
2025-12-18 05:10:21,773 - Knowledge - WARNING - Timeout processing /app/data/gemtektechnologycoltd2546/3455/b1206p6/lighttpd1.4-3455/src/t/test_http_range.c after 90s - using fallback metadata
2025-12-18 05:10:22,531 - Knowledge - WARNING - Timeout processing /app/data/gemtektechnologycoltd2546/3455/b1206p6/lighttpd1.4-3455/src/t/test_buffer.c after 90s - using fallback metadata
2025-12-18 05:10:22,706 - Knowledge - INFO - [LLM_CALL] Completed: test_configfile.c:chunk1, Duration: 101133ms, PromptTokens: 3836, CompletionTokens: 275, Cost: $0.00049
2025-12-18 05:10:22,948 - Knowledge - WARNING - Timeout processing /app/data/gemtektechnologycoltd2546/3455/b1206p6/lighttpd1.4-3455/src/t/test_keyvalue.c after 90s - using fallback metadata
2025-12-18 05:10:23,254 - Knowledge - INFO - done ingest for /app/data/gemtektechnologycoltd2546/3455/b1206p6/lighttpd1.4-3455/src/t/test_configfile.c
2025-12-18 05:10:23,368 - Knowledge - INFO - [LLM_CALL] Completed: fdevent_fdnode.c:chunk1, Duration: 87312ms, PromptTokens: 3616, CompletionTokens: 590, Cost: $0.00060
2025-12-18 05:10:24,052 - Knowledge - INFO - done ingest for /app/data/gemtektechnologycoltd2546/3455/b1206p6/lighttpd1.4-3455/src/fdevent_fdnode.c
2025-12-18 05:10:24,059 - Knowledge - INFO - [LLM_CALL] Completed: server.c:chunk1, Duration: 101100ms, PromptTokens: 19870, CompletionTokens: 8000, Cost: $0.00519
2025-12-18 05:10:24,622 - Knowledge - ERROR - Failed to parse LLM response as JSON for /app/data/gemtektechnologycoltd2546/3455/b1206p6/lighttpd1.4-3455/src/server.c, chunk 1
2025-12-18 05:10:25,789 - Knowledge - WARNING - Timeout processing /app/data/gemtektechnologycoltd2546/3455/b1206p6/lighttpd1.4-3455/src/mod_access.c after 90s - using fallback metadata
2025-12-18 05:10:25,994 - Knowledge - INFO - [LLM_CALL] Completed: fdevent_impl.c:chunk1, Duration: 78279ms, PromptTokens: 18320, CompletionTokens: 517, Cost: $0.00204
2025-12-18 05:10:26,111 - Knowledge - WARNING - Timeout processing /app/data/gemtektechnologycoltd2546/3455/b1206p6/lighttpd1.4-3455/src/mod_redirect.c after 90s - using fallback metadata
2025-12-18 05:10:26,462 - Knowledge - INFO - done ingest for /app/data/gemtektechnologycoltd2546/3455/b1206p6/lighttpd1.4-3455/src/fdevent_impl.c
2025-12-18 05:10:26,680 - Knowledge - WARNING - Timeout processing /app/data/gemtektechnologycoltd2546/3455/b1206p6/lighttpd1.4-3455/src/mod_sockproxy.c after 90s - using fallback metadata
2025-12-18 05:10:26,999 - Knowledge - INFO - Processing batch of 5 files
2025-12-18 05:10:27,197 - Knowledge - WARNING - Timeout processing /app/data/gemtektechnologycoltd2546/3455/b1206p6/lighttpd1.4-3455/src/mod_auth.c after 90s - using fallback metadata
2025-12-18 05:10:27,731 - Knowledge - INFO - process ingested knowledge for /app/data/gemtektechnologycoltd2546/3455/b1206p6/lighttpd1.4-3455/src/http_range.h
2025-12-18 05:10:28,012 - Knowledge - WARNING - Timeout processing /app/data/gemtektechnologycoltd2546/3455/b1206p6/lighttpd1.4-3455/src/fdevent.h after 90s - using fallback metadata
2025-12-18 05:10:28,331 - Knowledge - INFO - process ingested knowledge for /app/data/gemtektechnologycoltd2546/3455/b1206p6/lighttpd1.4-3455/src/server_win32.c
2025-12-18 05:10:28,526 - Knowledge - INFO - [LLM_CALL] Completed: algo_hmac.c:chunk1, Duration: 104592ms, PromptTokens: 6580, CompletionTokens: 651, Cost: $0.00092
2025-12-18 05:10:28,564 - Knowledge - WARNING - Timeout processing /app/data/gemtektechnologycoltd2546/3455/b1206p6/lighttpd1.4-3455/src/mod_vhostdb_ldap.c after 90s - using fallback metadata
2025-12-18 05:10:28,912 - Knowledge - INFO - process ingested knowledge for /app/data/gemtektechnologycoltd2546/3455/b1206p6/lighttpd1.4-3455/src/plugin_config.h
2025-12-18 05:10:29,081 - Knowledge - INFO - done ingest for /app/data/gemtektechnologycoltd2546/3455/b1206p6/lighttpd1.4-3455/src/algo_hmac.c
2025-12-18 05:10:29,363 - Knowledge - WARNING - Timeout processing /app/data/gemtektechnologycoltd2546/3455/b1206p6/lighttpd1.4-3455/src/mod_scgi.c after 90s - using fallback metadata
2025-12-18 05:10:29,415 - Knowledge - INFO - [LLM_CALL] Completed: mod_indexfile.c:chunk1, Duration: 107718ms, PromptTokens: 3704, CompletionTokens: 542, Cost: $0.00059
2025-12-18 05:10:29,683 - Knowledge - INFO - process ingested knowledge for /app/data/gemtektechnologycoltd2546/3455/b1206p6/lighttpd1.4-3455/src/mod_alias.c
2025-12-18 05:10:30,002 - Knowledge - WARNING - Timeout processing /app/data/gemtektechnologycoltd2546/3455/b1206p6/lighttpd1.4-3455/src/base64.c after 90s - using fallback metadata
2025-12-18 05:10:30,376 - Knowledge - INFO - done ingest for /app/data/gemtektechnologycoltd2546/3455/b1206p6/lighttpd1.4-3455/src/mod_indexfile.c
2025-12-18 05:10:30,408 - Knowledge - INFO - [WEBSOCKET] Sent: Type=progress_update, Size: 292, Duration: 1008ms
2025-12-18 05:10:30,737 - Knowledge - INFO - process ingested knowledge for /app/data/gemtektechnologycoltd2546/3455/b1206p6/lighttpd1.4-3455/src/h1.c
2025-12-18 05:10:30,890 - Knowledge - WARNING - Timeout processing /app/data/gemtektechnologycoltd2546/3455/b1206p6/lighttpd1.4-3455/src/http_kv.h after 90s - using fallback metadata
2025-12-18 05:10:31,531 - Knowledge - WARNING - Timeout processing /app/data/gemtektechnologycoltd2546/3455/b1206p6/lighttpd1.4-3455/src/server.c after 90s - using fallback metadata
2025-12-18 05:10:31,699 - Knowledge - INFO - Fast-tracked /app/data/gemtektechnologycoltd2546/3455/b1206p6/lighttpd1.4-3455/src/fs_win32.h (small file (2051 bytes))
2025-12-18 05:10:31,840 - Knowledge - INFO - [LLM_CALL] Completed: mod_status.c:chunk1, Duration: 112436ms, PromptTokens: 17460, CompletionTokens: 1187, Cost: $0.00222
2025-12-18 05:10:31,968 - Knowledge - WARNING - Timeout processing /app/data/gemtektechnologycoltd2546/3455/b1206p6/lighttpd1.4-3455/src/mod_rrdtool.c after 90s - using fallback metadata
2025-12-18 05:10:32,458 - Knowledge - INFO - Async storage completed for 6 embeddings
2025-12-18 05:10:32,771 - Knowledge - INFO - done ingest for /app/data/gemtektechnologycoltd2546/3455/b1206p6/lighttpd1.4-3455/src/mod_status.c
2025-12-18 05:10:32,773 - Knowledge - INFO - [WEBSOCKET] Sent: Type=unknown, Size: ?, Duration: 3373ms
2025-12-18 05:10:33,679 - Knowledge - INFO - Progress: 14.2% | Files: 41/260 | Rate: 0.31 files/sec | Queue: 134
2025-12-18 05:10:34,490 - Knowledge - INFO - Processing batch of 6 files
2025-12-18 05:10:34,686 - Knowledge - INFO - [kw10] Queue=134, InProgress=0, PendingWorkers=20/20, Completed=45/260 (17.3%)
2025-12-18 05:10:35,404 - Knowledge - INFO - process ingested knowledge for /app/data/gemtektechnologycoltd2546/3455/b1206p6/lighttpd1.4-3455/src/t/test_http_header.c
2025-12-18 05:10:35,513 - Knowledge - INFO - [LLM_CALL] Completed: burl.c:chunk1, Duration: 108099ms, PromptTokens: 12868, CompletionTokens: 397, Cost: $0.00145
2025-12-18 05:10:35,659 - Knowledge - INFO - Batch sizing: calculated=5, max_allowed=10, queue=134, active_workers=20/20
2025-12-18 05:10:36,092 - Knowledge - INFO - process ingested knowledge for /app/data/gemtektechnologycoltd2546/3455/b1206p6/lighttpd1.4-3455/src/t/test_mod_expire.c
2025-12-18 05:10:36,185 - Knowledge - INFO - done ingest for /app/data/gemtektechnologycoltd2546/3455/b1206p6/lighttpd1.4-3455/src/burl.c
2025-12-18 05:10:36,389 - Knowledge - INFO - Processing batch of 5 files
2025-12-18 05:10:36,952 - Knowledge - INFO - Async storing batch of 6 embeddings
2025-12-18 05:10:37,055 - Knowledge - INFO - process ingested knowledge for /app/data/gemtektechnologycoltd2546/3455/b1206p6/lighttpd1.4-3455/src/t/test_mod_simple_vhost.c
2025-12-18 05:10:37,334 - Knowledge - INFO - process ingested knowledge for /app/data/gemtektechnologycoltd2546/3455/b1206p6/lighttpd1.4-3455/src/http_header.h
2025-12-18 05:10:37,334 - Knowledge - INFO - Processing batch of 5 files
2025-12-18 05:10:37,451 - Knowledge - INFO - [WEBSOCKET] Sent: Type=progress_update, Size: 293, Duration: 0ms
2025-12-18 05:10:37,562 - Knowledge - INFO - Worker kw10 processing /app/data/gemtektechnologycoltd2546/3455/b1206p6/lighttpd1.4-3455/src/algo_md5.c
2025-12-18 05:10:38,066 - Knowledge - INFO - process ingested knowledge for /app/data/gemtektechnologycoltd2546/3455/b1206p6/lighttpd1.4-3455/src/t/test_http_range.c
2025-12-18 05:10:38,360 - Knowledge - INFO - process ingested knowledge for /app/data/gemtektechnologycoltd2546/3455/b1206p6/lighttpd1.4-3455/src/sock_addr_cache.c
2025-12-18 05:10:38,658 - Knowledge - INFO - process ingested knowledge for /app/data/gemtektechnologycoltd2546/3455/b1206p6/lighttpd1.4-3455/src/mod_redirect.c
2025-12-18 05:10:39,305 - Knowledge - INFO - [WEBSOCKET] Sent: Type=unknown, Size: ?, Duration: 1855ms
2025-12-18 05:10:39,596 - Knowledge - INFO - Worker kw10 processing /app/data/gemtektechnologycoltd2546/3455/b1206p6/lighttpd1.4-3455/src/vector.h
2025-12-18 05:10:39,649 - Knowledge - INFO - process ingested knowledge for /app/data/gemtektechnologycoltd2546/3455/b1206p6/lighttpd1.4-3455/src/t/test_buffer.c
2025-12-18 05:10:39,883 - Knowledge - INFO - process ingested knowledge for /app/data/gemtektechnologycoltd2546/3455/b1206p6/lighttpd1.4-3455/src/http_chunk.h
2025-12-18 05:10:40,120 - Knowledge - INFO - process ingested knowledge for /app/data/gemtektechnologycoltd2546/3455/b1206p6/lighttpd1.4-3455/src/mod_sockproxy.c
2025-12-18 05:10:40,241 - Knowledge - INFO - Progress: 24.2% | Files: 66/260 | Rate: 0.47 files/sec | Queue: 129
2025-12-18 05:10:40,420 - Knowledge - INFO - Processing batch of 5 files
2025-12-18 05:10:40,540 - Knowledge - INFO - Fast-tracked /app/data/gemtektechnologycoltd2546/3455/b1206p6/lighttpd1.4-3455/src/vector.h (ext=.h, size=1815)
2025-12-18 05:10:40,675 - Knowledge - INFO - Processing batch of 6 files
2025-12-18 05:10:40,689 - Knowledge - INFO - process ingested knowledge for /app/data/gemtektechnologycoltd2546/3455/b1206p6/lighttpd1.4-3455/src/t/test_keyvalue.c
2025-12-18 05:10:40,751 - Knowledge - INFO - Processing batch of 5 files
2025-12-18 05:10:40,775 - Knowledge - INFO - Processing batch of 6 files
2025-12-18 05:10:40,998 - Knowledge - INFO - process ingested knowledge for /app/data/gemtektechnologycoltd2546/3455/b1206p6/lighttpd1.4-3455/src/fdevent_impl.c
2025-12-18 05:10:41,233 - Knowledge - INFO - process ingested knowledge for /app/data/gemtektechnologycoltd2546/3455/b1206p6/lighttpd1.4-3455/src/mod_auth.c
2025-12-18 05:10:41,429 - Knowledge - INFO - [LLM_CALL] Completed: test_request.c:chunk1, Duration: 94151ms, PromptTokens: 12566, CompletionTokens: 314, Cost: $0.00138
2025-12-18 05:10:41,505 - Knowledge - INFO - [kw15] Queue=129, InProgress=0, PendingWorkers=20/20, Completed=67/260 (25.8%)
2025-12-18 05:10:41,824 - Knowledge - INFO - process ingested knowledge for /app/data/gemtektechnologycoltd2546/3455/b1206p6/lighttpd1.4-3455/src/configfile.h
2025-12-18 05:10:41,967 - Knowledge - INFO - Worker kw10 processing /app/data/gemtektechnologycoltd2546/3455/b1206p6/lighttpd1.4-3455/src/connections.h
2025-12-18 05:10:42,056 - Knowledge - INFO - process ingested knowledge for /app/data/gemtektechnologycoltd2546/3455/b1206p6/lighttpd1.4-3455/src/mod_status.c
2025-12-18 05:10:42,682 - Knowledge - INFO - process ingested knowledge for /app/data/gemtektechnologycoltd2546/3455/b1206p6/lighttpd1.4-3455/src/mod_vhostdb_ldap.c
2025-12-18 05:10:42,837 - Knowledge - INFO - process ingested knowledge for /app/data/gemtektechnologycoltd2546/3455/b1206p6/lighttpd1.4-3455/src/plugins.h
2025-12-18 05:10:43,006 - Knowledge - INFO - process ingested knowledge for /app/data/gemtektechnologycoltd2546/3455/b1206p6/lighttpd1.4-3455/src/first.h
2025-12-18 05:10:43,558 - Knowledge - INFO - done ingest for /app/data/gemtektechnologycoltd2546/3455/b1206p6/lighttpd1.4-3455/src/t/test_request.c
2025-12-18 05:10:43,889 - Knowledge - INFO - Batch sizing: calculated=5, max_allowed=10, queue=129, active_workers=20/20
2025-12-18 05:10:44,008 - Knowledge - INFO - process ingested knowledge for /app/data/gemtektechnologycoltd2546/3455/b1206p6/lighttpd1.4-3455/src/fdevent.h
2025-12-18 05:10:44,076 - Knowledge - INFO - process ingested knowledge for /app/data/gemtektechnologycoltd2546/3455/b1206p6/lighttpd1.4-3455/src/algo_hmac.c
2025-12-18 05:10:44,275 - Knowledge - INFO - Fast-tracked /app/data/gemtektechnologycoltd2546/3455/b1206p6/lighttpd1.4-3455/src/connections.h (ext=.h, size=572)
2025-12-18 05:10:44,933 - Knowledge - INFO - process ingested knowledge for /app/data/gemtektechnologycoltd2546/3455/b1206p6/lighttpd1.4-3455/src/compat/fastcgi.h
2025-12-18 05:10:44,951 - Knowledge - INFO - process ingested knowledge for /app/data/gemtektechnologycoltd2546/3455/b1206p6/lighttpd1.4-3455/src/mod_scgi.c
2025-12-18 05:10:44,952 - Knowledge - INFO - process ingested knowledge for /app/data/gemtektechnologycoltd2546/3455/b1206p6/lighttpd1.4-3455/src/sys-dirent.h
2025-12-18 05:10:45,412 - Knowledge - INFO - [LLM_CALL] Completed: mod_authn_ldap.c:chunk1, Duration: 132810ms, PromptTokens: 16458, CompletionTokens: 982, Cost: $0.00204
2025-12-18 05:10:46,187 - Knowledge - INFO - Worker kw10 processing /app/data/gemtektechnologycoltd2546/3455/b1206p6/lighttpd1.4-3455/src/mod_dirlisting.c
2025-12-18 05:10:46,893 - Knowledge - INFO - process ingested knowledge for /app/data/gemtektechnologycoltd2546/3455/b1206p6/lighttpd1.4-3455/src/mod_access.c
2025-12-18 05:10:47,169 - Knowledge - INFO - done ingest for /app/data/gemtektechnologycoltd2546/3455/b1206p6/lighttpd1.4-3455/src/mod_authn_ldap.c
2025-12-18 05:10:47,172 - Knowledge - INFO - [LLM_CALL] Completed: ck.h:chunk1, Duration: 92119ms, PromptTokens: 3026, CompletionTokens: 766, Cost: $0.00061
2025-12-18 05:10:47,400 - Knowledge - INFO - Worker kw10 processing /app/data/gemtektechnologycoltd2546/3455/b1206p6/lighttpd1.4-3455/src/http_status.h
2025-12-18 05:10:47,841 - Knowledge - INFO - done ingest for /app/data/gemtektechnologycoltd2546/3455/b1206p6/lighttpd1.4-3455/src/ck.h
2025-12-18 05:10:47,884 - Knowledge - INFO - Async storing batch of 5 embeddings
2025-12-18 05:10:47,978 - Knowledge - INFO - process ingested knowledge for /app/data/gemtektechnologycoltd2546/3455/b1206p6/lighttpd1.4-3455/src/base64.c
2025-12-18 05:10:48,332 - Knowledge - INFO - Fast-tracked /app/data/gemtektechnologycoltd2546/3455/b1206p6/lighttpd1.4-3455/src/http_status.h (ext=.h, size=920)
2025-12-18 05:10:48,761 - Knowledge - INFO - Worker kw15 processing /app/data/gemtektechnologycoltd2546/3455/b1206p6/lighttpd1.4-3455/src/mod_webdav.c
2025-12-18 05:10:49,322 - Knowledge - INFO - process ingested knowledge for /app/data/gemtektechnologycoltd2546/3455/b1206p6/lighttpd1.4-3455/src/fdevent_fdnode.c
2025-12-18 05:10:49,782 - Knowledge - INFO - Fast-tracked /app/data/gemtektechnologycoltd2546/3455/b1206p6/lighttpd1.4-3455/src/mod_webdav.c (ext=.c, size=228463)
2025-12-18 05:10:50,235 - Knowledge - INFO - Worker kw15 processing /app/data/gemtektechnologycoltd2546/3455/b1206p6/lighttpd1.4-3455/src/http_header.c
2025-12-18 05:10:50,409 - Knowledge - INFO - process ingested knowledge for /app/data/gemtektechnologycoltd2546/3455/b1206p6/lighttpd1.4-3455/src/compat/sys/queue.h
2025-12-18 05:10:50,432 - Knowledge - INFO - process ingested knowledge for /app/data/gemtektechnologycoltd2546/3455/b1206p6/lighttpd1.4-3455/src/server.c
2025-12-18 05:10:50,584 - Knowledge - INFO - [LLM_CALL] Completed: lempar.c:chunk1, Duration: 86536ms, PromptTokens: 19904, CompletionTokens: 158, Cost: $0.00205
2025-12-18 05:10:50,768 - Knowledge - INFO - Worker kw15 processing /app/data/gemtektechnologycoltd2546/3455/b1206p6/lighttpd1.4-3455/src/http_chunk.c
2025-12-18 05:10:51,672 - Knowledge - INFO - done ingest for /app/data/gemtektechnologycoltd2546/3455/b1206p6/lighttpd1.4-3455/src/lempar.c
2025-12-18 05:10:52,274 - Knowledge - INFO - process ingested knowledge for /app/data/gemtektechnologycoltd2546/3455/b1206p6/lighttpd1.4-3455/src/keyvalue.h
2025-12-18 05:10:52,871 - Knowledge - INFO - process ingested knowledge for /app/data/gemtektechnologycoltd2546/3455/b1206p6/lighttpd1.4-3455/src/http_kv.h
2025-12-18 05:10:52,916 - Knowledge - INFO - Worker kw15 processing /app/data/gemtektechnologycoltd2546/3455/b1206p6/lighttpd1.4-3455/src/sys-unistd.h
2025-12-18 05:10:52,943 - Knowledge - INFO - process ingested knowledge for /app/data/gemtektechnologycoltd2546/3455/b1206p6/lighttpd1.4-3455/src/log.h
2025-12-18 05:10:53,024 - Knowledge - INFO - [kw8] Queue=124, InProgress=0, PendingWorkers=20/20, Completed=67/260 (25.8%)
2025-12-18 05:10:53,070 - Knowledge - INFO - process ingested knowledge for /app/data/gemtektechnologycoltd2546/3455/b1206p6/lighttpd1.4-3455/src/t/test_mod.c
2025-12-18 05:10:53,107 - Knowledge - INFO - Split /app/data/gemtektechnologycoltd2546/3455/b1206p6/lighttpd1.4-3455/src/mod_dirlisting.c (66686 bytes) into 3 chunks of ~32KB
2025-12-18 05:10:53,966 - Knowledge - INFO - Fast-tracked /app/data/gemtektechnologycoltd2546/3455/b1206p6/lighttpd1.4-3455/src/sys-unistd.h (ext=.h, size=1891)
2025-12-18 05:10:54,028 - Knowledge - WARNING - Timeout processing /app/data/gemtektechnologycoltd2546/3455/b1206p6/lighttpd1.4-3455/src/t/test_mod_ssi.c after 90s - using fallback metadata
2025-12-18 05:10:54,094 - Knowledge - INFO - process ingested knowledge for /app/data/gemtektechnologycoltd2546/3455/b1206p6/lighttpd1.4-3455/src/algo_splaytree.c
2025-12-18 05:10:54,150 - Knowledge - INFO - process ingested knowledge for /app/data/gemtektechnologycoltd2546/3455/b1206p6/lighttpd1.4-3455/src/mod_rrdtool.c
2025-12-18 05:10:54,683 - Knowledge - INFO - Batch sizing: calculated=5, max_allowed=10, queue=124, active_workers=20/20
2025-12-18 05:10:55,223 - Knowledge - INFO - [LLM_CALL] Completed: mod_userdir.c:chunk1, Duration: 107984ms, PromptTokens: 7126, CompletionTokens: 785, Cost: $0.00103
2025-12-18 05:10:55,402 - Knowledge - INFO - process ingested knowledge for /app/data/gemtektechnologycoltd2546/3455/b1206p6/lighttpd1.4-3455/src/http_cgi.h
2025-12-18 05:10:55,436 - Knowledge - INFO - process ingested knowledge for /app/data/gemtektechnologycoltd2546/3455/b1206p6/lighttpd1.4-3455/src/t/test_http_kv.c
2025-12-18 05:10:55,476 - Knowledge - INFO - Worker kw15 processing /app/data/gemtektechnologycoltd2546/3455/b1206p6/lighttpd1.4-3455/src/mod_evhost.c
2025-12-18 05:10:56,741 - Knowledge - INFO - done ingest for /app/data/gemtektechnologycoltd2546/3455/b1206p6/lighttpd1.4-3455/src/mod_userdir.c
2025-12-18 05:10:56,841 - Knowledge - INFO - [LLM_CALL] Completed: mod_staticfile.c:chunk1, Duration: 123326ms, PromptTokens: 3300, CompletionTokens: 556, Cost: $0.00055
2025-12-18 05:10:57,535 - Knowledge - INFO - Async storage completed for 6 embeddings
2025-12-18 05:10:57,844 - Knowledge - INFO - done ingest for /app/data/gemtektechnologycoltd2546/3455/b1206p6/lighttpd1.4-3455/src/mod_staticfile.c
2025-12-18 05:10:57,934 - Knowledge - INFO - process ingested knowledge for /app/data/gemtektechnologycoltd2546/3455/b1206p6/lighttpd1.4-3455/src/reqpool.h
2025-12-18 05:10:57,972 - Knowledge - INFO - [LLM_CALL] Completed: request.c:chunk1, Duration: 116481ms, PromptTokens: 17524, CompletionTokens: 1412, Cost: $0.00232
2025-12-18 05:10:58,655 - Knowledge - INFO - [LLM_CALL] Completed: mod_fastcgi.c:chunk1, Duration: 69819ms, PromptTokens: 11860, CompletionTokens: 1376, Cost: $0.00174
2025-12-18 05:10:59,087 - Knowledge - INFO - done ingest for /app/data/gemtektechnologycoltd2546/3455/b1206p6/lighttpd1.4-3455/src/mod_fastcgi.c
2025-12-18 05:10:59,146 - Knowledge - INFO - Async storing batch of 6 embeddings
2025-12-18 05:10:59,150 - Knowledge - INFO - [LLM_CALL] Completed: base.h:chunk1, Duration: 65780ms, PromptTokens: 3270, CompletionTokens: 277, Cost: $0.00044
2025-12-18 05:10:59,490 - Knowledge - INFO - process ingested knowledge for /app/data/gemtektechnologycoltd2546/3455/b1206p6/lighttpd1.4-3455/src/t/test_mod_evhost.c
2025-12-18 05:10:59,707 - Knowledge - INFO - Worker kw8 processing /app/data/gemtektechnologycoltd2546/3455/b1206p6/lighttpd1.4-3455/src/stat_cache.h
2025-12-18 05:10:59,848 - Knowledge - INFO - done ingest for /app/data/gemtektechnologycoltd2546/3455/b1206p6/lighttpd1.4-3455/src/base.h
2025-12-18 05:10:59,919 - Knowledge - INFO - [LLM_CALL] Completed: mod_authn_dbi.c:chunk1, Duration: 107702ms, PromptTokens: 11818, CompletionTokens: 1073, Cost: $0.00161
2025-12-18 05:11:00,217 - Knowledge - INFO - Worker kw8 processing /app/data/gemtektechnologycoltd2546/3455/b1206p6/lighttpd1.4-3455/src/plugin.h
2025-12-18 05:11:00,559 - Knowledge - INFO - done ingest for /app/data/gemtektechnologycoltd2546/3455/b1206p6/lighttpd1.4-3455/src/mod_authn_dbi.c
2025-12-18 05:11:00,644 - Knowledge - INFO - [LLM_CALL] Completed: rand.c:chunk1, Duration: 111894ms, PromptTokens: 12176, CompletionTokens: 1001, Cost: $0.00162
2025-12-18 05:11:00,733 - Knowledge - INFO - Worker kw8 processing /app/data/gemtektechnologycoltd2546/3455/b1206p6/lighttpd1.4-3455/src/fdlog_maint.c
2025-12-18 05:11:01,129 - Knowledge - INFO - done ingest for /app/data/gemtektechnologycoltd2546/3455/b1206p6/lighttpd1.4-3455/src/rand.c
2025-12-18 05:11:01,152 - Knowledge - INFO - [WEBSOCKET] Sent: Type=progress_update, Size: 292, Duration: 0ms
2025-12-18 05:11:01,163 - Knowledge - WARNING - Timeout processing /app/data/gemtektechnologycoltd2546/3455/b1206p6/lighttpd1.4-3455/src/http_kv.c after 90s - using fallback metadata
2025-12-18 05:11:01,389 - Knowledge - INFO - Worker kw8 processing /app/data/gemtektechnologycoltd2546/3455/b1206p6/lighttpd1.4-3455/src/mod_setenv.c
2025-12-18 05:11:01,896 - Knowledge - INFO - [WEBSOCKET] Sent: Type=unknown, Size: ?, Duration: 744ms
2025-12-18 05:11:02,187 - Knowledge - WARNING - Timeout processing /app/data/gemtektechnologycoltd2546/3455/b1206p6/lighttpd1.4-3455/src/configfile-glue.c after 90s - using fallback metadata
2025-12-18 05:11:02,215 - Knowledge - WARNING - Timeout processing /app/data/gemtektechnologycoltd2546/3455/b1206p6/lighttpd1.4-3455/src/connections.c after 90s - using fallback metadata
2025-12-18 05:11:02,460 - Knowledge - INFO - Worker kw8 processing /app/data/gemtektechnologycoltd2546/3455/b1206p6/lighttpd1.4-3455/src/array.h
2025-12-18 05:11:02,538 - Knowledge - INFO - Progress: 26.5% | Files: 70/260 | Rate: 0.43 files/sec | Queue: 119
2025-12-18 05:11:02,597 - Knowledge - INFO - [LLM_CALL] Completed: mod_maxminddb.c:chunk1, Duration: 112840ms, PromptTokens: 9856, CompletionTokens: 698, Cost: $0.00126
2025-12-18 05:11:02,919 - Knowledge - WARNING - Timeout processing /app/data/gemtektechnologycoltd2546/3455/b1206p6/lighttpd1.4-3455/src/mod_accesslog.c after 90s - using fallback metadata
2025-12-18 05:11:03,180 - Knowledge - INFO - Fast-tracked /app/data/gemtektechnologycoltd2546/3455/b1206p6/lighttpd1.4-3455/src/stat_cache.h (small file (2452 bytes))
2025-12-18 05:11:03,460 - Knowledge - INFO - done ingest for /app/data/gemtektechnologycoltd2546/3455/b1206p6/lighttpd1.4-3455/src/mod_maxminddb.c
2025-12-18 05:11:04,743 - Knowledge - INFO - [kw13] Queue=119, InProgress=0, PendingWorkers=20/20, Completed=71/260 (27.3%)
2025-12-18 05:11:05,105 - Knowledge - INFO - Batch sizing: calculated=5, max_allowed=10, queue=119, active_workers=20/20
2025-12-18 05:11:05,665 - Knowledge - INFO - [kw20] Queue=119, InProgress=0, PendingWorkers=20/20, Completed=72/260 (27.7%)
2025-12-18 05:11:06,066 - Knowledge - INFO - Batch sizing: calculated=5, max_allowed=10, queue=119, active_workers=20/20
2025-12-18 05:11:06,641 - Knowledge - INFO - [LLM_CALL] Completed: mod_wstunnel.c:chunk1, Duration: 150136ms, PromptTokens: 27550, CompletionTokens: 1961, Cost: $0.00354
2025-12-18 05:11:07,146 - Knowledge - INFO - done ingest for /app/data/gemtektechnologycoltd2546/3455/b1206p6/lighttpd1.4-3455/src/mod_wstunnel.c
2025-12-18 05:11:08,158 - Knowledge - INFO - Async storing batch of 5 embeddings
2025-12-18 05:11:08,492 - Knowledge - INFO - Worker kw13 processing /app/data/gemtektechnologycoltd2546/3455/b1206p6/lighttpd1.4-3455/src/mod_skeleton.c
2025-12-18 05:11:08,988 - Knowledge - INFO - Worker kw13 processing /app/data/gemtektechnologycoltd2546/3455/b1206p6/lighttpd1.4-3455/src/network_write.c
2025-12-18 05:11:09,255 - Knowledge - INFO - Async storing batch of 5 embeddings
2025-12-18 05:11:09,503 - Knowledge - INFO - Worker kw13 processing /app/data/gemtektechnologycoltd2546/3455/b1206p6/lighttpd1.4-3455/src/sys-setjmp.h
2025-12-18 05:11:09,590 - Knowledge - INFO - Worker kw20 processing /app/data/gemtektechnologycoltd2546/3455/b1206p6/lighttpd1.4-3455/src/lighttpd-angel.c
2025-12-18 05:11:09,605 - Knowledge - WARNING - Timeout processing /app/data/gemtektechnologycoltd2546/3455/b1206p6/lighttpd1.4-3455/src/mod_rewrite.c after 90s - using fallback metadata
2025-12-18 05:11:10,022 - Knowledge - INFO - [LLM_CALL] Completed: mod_authn_gssapi.c:chunk1, Duration: 142318ms, PromptTokens: 17732, CompletionTokens: 1054, Cost: $0.00219
2025-12-18 05:11:10,066 - Knowledge - INFO - Fast-tracked /app/data/gemtektechnologycoltd2546/3455/b1206p6/lighttpd1.4-3455/src/sys-setjmp.h (ext=.h, size=464)
2025-12-18 05:11:10,189 - Knowledge - INFO - Worker kw20 processing /app/data/gemtektechnologycoltd2546/3455/b1206p6/lighttpd1.4-3455/src/mod_deflate.c
2025-12-18 05:11:10,412 - Knowledge - WARNING - Timeout processing /app/data/gemtektechnologycoltd2546/3455/b1206p6/lighttpd1.4-3455/src/mod_authn_sasl.c after 90s - using fallback metadata
2025-12-18 05:11:10,502 - Knowledge - INFO - done ingest for /app/data/gemtektechnologycoltd2546/3455/b1206p6/lighttpd1.4-3455/src/mod_authn_gssapi.c
2025-12-18 05:11:10,504 - Knowledge - WARNING - Timeout processing /app/data/gemtektechnologycoltd2546/3455/b1206p6/lighttpd1.4-3455/src/mod_extforward.c after 90s - using fallback metadata
2025-12-18 05:11:10,552 - Knowledge - INFO - [LLM_CALL] Completed: sys-time.h:chunk1, Duration: 45859ms, PromptTokens: 4282, CompletionTokens: 425, Cost: $0.00060
2025-12-18 05:11:10,684 - Knowledge - INFO - Worker kw13 processing /app/data/gemtektechnologycoltd2546/3455/b1206p6/lighttpd1.4-3455/src/response.h
2025-12-18 05:11:10,858 - Knowledge - INFO - Worker kw20 processing /app/data/gemtektechnologycoltd2546/3455/b1206p6/lighttpd1.4-3455/src/sys-mmap.h
2025-12-18 05:11:10,951 - Knowledge - WARNING - Timeout processing /app/data/gemtektechnologycoltd2546/3455/b1206p6/lighttpd1.4-3455/src/mod_proxy.c after 90s - using fallback metadata
2025-12-18 05:11:11,320 - Knowledge - INFO - done ingest for /app/data/gemtektechnologycoltd2546/3455/b1206p6/lighttpd1.4-3455/src/sys-time.h
2025-12-18 05:11:11,471 - Knowledge - INFO - [WEBSOCKET] Sent: Type=progress_update, Size: 290, Duration: 11ms
2025-12-18 05:11:11,515 - Knowledge - INFO - Worker kw13 processing /app/data/gemtektechnologycoltd2546/3455/b1206p6/lighttpd1.4-3455/src/algo_sha1.h
2025-12-18 05:11:11,516 - Knowledge - INFO - Async storage completed for 5 embeddings
2025-12-18 05:11:11,718 - Knowledge - INFO - Worker kw20 processing /app/data/gemtektechnologycoltd2546/3455/b1206p6/lighttpd1.4-3455/src/fdlog.c
2025-12-18 05:11:11,954 - Knowledge - INFO - [kw17] Queue=109, InProgress=0, PendingWorkers=20/20, Completed=83/260 (31.9%)
2025-12-18 05:11:12,150 - Knowledge - INFO - [WEBSOCKET] Sent: Type=unknown, Size: ?, Duration: 749ms
2025-12-18 05:11:12,713 - Knowledge - INFO - Fast-tracked /app/data/gemtektechnologycoltd2546/3455/b1206p6/lighttpd1.4-3455/src/fdlog.c (ext=.c, size=596)
2025-12-18 05:11:12,863 - Knowledge - INFO - Batch sizing: calculated=5, max_allowed=10, queue=109, active_workers=20/20
2025-12-18 05:11:13,076 - Knowledge - INFO - Progress: 30.4% | Files: 89/260 | Rate: 0.52 files/sec | Queue: 109
2025-12-18 05:11:13,221 - Knowledge - INFO - [LLM_CALL] Completed: algo_md5.c:chunk1, Duration: 23701ms, PromptTokens: 9726, CompletionTokens: 331, Cost: $0.00111
2025-12-18 05:11:13,286 - Knowledge - INFO - Worker kw20 processing /app/data/gemtektechnologycoltd2546/3455/b1206p6/lighttpd1.4-3455/src/http_range.c
2025-12-18 05:11:13,605 - Knowledge - INFO - [kw12] Queue=104, InProgress=0, PendingWorkers=20/20, Completed=90/260 (34.6%)
2025-12-18 05:11:13,757 - Knowledge - INFO - done ingest for /app/data/gemtektechnologycoltd2546/3455/b1206p6/lighttpd1.4-3455/src/algo_md5.c
2025-12-18 05:11:13,780 - Knowledge - INFO - [WEBSOCKET] Sent: Type=progress_update, Size: 289, Duration: 693ms
2025-12-18 05:11:14,022 - Knowledge - INFO - Fast-tracked /app/data/gemtektechnologycoltd2546/3455/b1206p6/lighttpd1.4-3455/src/lighttpd-angel.c (small file (2698 bytes))
2025-12-18 05:11:14,070 - Knowledge - INFO - Batch sizing: calculated=5, max_allowed=10, queue=104, active_workers=20/20
2025-12-18 05:11:14,372 - Knowledge - INFO - [LLM_CALL] Completed: mod_vhostdb.c:chunk1, Duration: 109957ms, PromptTokens: 8264, CompletionTokens: 959, Cost: $0.00121
2025-12-18 05:11:14,475 - Knowledge - INFO - Split /app/data/gemtektechnologycoltd2546/3455/b1206p6/lighttpd1.4-3455/src/mod_deflate.c (78277 bytes) into 3 chunks of ~32KB
2025-12-18 05:11:14,704 - Knowledge - INFO - done ingest for /app/data/gemtektechnologycoltd2546/3455/b1206p6/lighttpd1.4-3455/src/mod_vhostdb.c
2025-12-18 05:11:14,710 - Knowledge - INFO - Processing batch of 5 files
2025-12-18 05:11:14,752 - Knowledge - INFO - [LLM_CALL] Completed: mod_vhostdb_dbi.c:chunk1, Duration: 157648ms, PromptTokens: 7030, CompletionTokens: 1067, Cost: $0.00113
2025-12-18 05:11:15,108 - Knowledge - INFO - process ingested knowledge for /app/data/gemtektechnologycoltd2546/3455/b1206p6/lighttpd1.4-3455/src/sys-endian.h
2025-12-18 05:11:15,202 - Knowledge - INFO - done ingest for /app/data/gemtektechnologycoltd2546/3455/b1206p6/lighttpd1.4-3455/src/mod_vhostdb_dbi.c
2025-12-18 05:11:15,208 - Knowledge - INFO - [WEBSOCKET] Sent: Type=unknown, Size: ?, Duration: 2122ms
2025-12-18 05:11:15,347 - Knowledge - INFO - process ingested knowledge for /app/data/gemtektechnologycoltd2546/3455/b1206p6/lighttpd1.4-3455/src/http_etag.c
2025-12-18 05:11:15,623 - Knowledge - INFO - Progress: 34.2% | Files: 95/260 | Rate: 0.54 files/sec | Queue: 99
2025-12-18 05:11:15,655 - Knowledge - INFO - [kw7] Queue=99, InProgress=0, PendingWorkers=20/20, Completed=95/260 (36.5%)
2025-12-18 05:11:15,756 - Knowledge - INFO - process ingested knowledge for /app/data/gemtektechnologycoltd2546/3455/b1206p6/lighttpd1.4-3455/src/algo_hmac.h
2025-12-18 05:11:15,815 - Knowledge - INFO - Async storing batch of 5 embeddings
2025-12-18 05:11:15,827 - Knowledge - INFO - Async storing batch of 5 embeddings
2025-12-18 05:11:15,931 - Knowledge - INFO - [kw4] Queue=99, InProgress=0, PendingWorkers=20/20, Completed=100/260 (38.5%)
2025-12-18 05:11:15,965 - Knowledge - INFO - Processing batch of 5 files
2025-12-18 05:11:16,055 - Knowledge - INFO - Processing batch of 6 files
2025-12-18 05:11:16,074 - Knowledge - INFO - Async storage completed for 6 embeddings
2025-12-18 05:11:16,643 - Knowledge - INFO - Batch sizing: calculated=4, max_allowed=10, queue=99, active_workers=20/20
2025-12-18 05:11:16,695 - Knowledge - INFO - Processing batch of 5 files
2025-12-18 05:11:16,804 - Knowledge - INFO - process ingested knowledge for /app/data/gemtektechnologycoltd2546/3455/b1206p6/lighttpd1.4-3455/src/mod_fastcgi.c
2025-12-18 05:11:16,846 - Knowledge - INFO - Processing batch of 5 files
2025-12-18 05:11:16,958 - Knowledge - INFO - Worker kw12 processing /app/data/gemtektechnologycoltd2546/3455/b1206p6/lighttpd1.4-3455/src/sys-crypto.h
2025-12-18 05:11:16,965 - Knowledge - INFO - Processing batch of 6 files
2025-12-18 05:11:16,993 - Knowledge - INFO - Processing batch of 5 files
2025-12-18 05:11:17,073 - Knowledge - INFO - Worker kw17 processing /app/data/gemtektechnologycoltd2546/3455/b1206p6/lighttpd1.4-3455/src/mod_expire.c
2025-12-18 05:11:17,138 - Knowledge - INFO - Processing batch of 6 files
2025-12-18 05:11:17,308 - Knowledge - INFO - Batch sizing: calculated=4, max_allowed=10, queue=99, active_workers=20/20
2025-12-18 05:11:17,466 - Knowledge - INFO - process ingested knowledge for /app/data/gemtektechnologycoltd2546/3455/b1206p6/lighttpd1.4-3455/src/sys-stat.h
2025-12-18 05:11:17,622 - Knowledge - INFO - process ingested knowledge for /app/data/gemtektechnologycoltd2546/3455/b1206p6/lighttpd1.4-3455/src/t/test_configfile.c
2025-12-18 05:11:17,658 - Knowledge - INFO - Processing batch of 6 files
2025-12-18 05:11:17,909 - Knowledge - INFO - Async storing batch of 6 embeddings
2025-12-18 05:11:18,035 - Knowledge - INFO - process ingested knowledge for /app/data/gemtektechnologycoltd2546/3455/b1206p6/lighttpd1.4-3455/src/mod_authn_gssapi.c
2025-12-18 05:11:18,213 - Knowledge - INFO - process ingested knowledge for /app/data/gemtektechnologycoltd2546/3455/b1206p6/lighttpd1.4-3455/src/algo_md.h
2025-12-18 05:11:18,432 - Knowledge - INFO - process ingested knowledge for /app/data/gemtektechnologycoltd2546/3455/b1206p6/lighttpd1.4-3455/src/burl.c
2025-12-18 05:11:18,595 - Knowledge - INFO - Fast-tracked /app/data/gemtektechnologycoltd2546/3455/b1206p6/lighttpd1.4-3455/src/sys-crypto.h (ext=.h, size=1510)
2025-12-18 05:11:18,714 - Knowledge - INFO - process ingested knowledge for /app/data/gemtektechnologycoltd2546/3455/b1206p6/lighttpd1.4-3455/src/connections.c
2025-12-18 05:11:18,873 - Knowledge - INFO - process ingested knowledge for /app/data/gemtektechnologycoltd2546/3455/b1206p6/lighttpd1.4-3455/src/mod_rewrite.c
2025-12-18 05:11:19,128 - Knowledge - INFO - Worker kw17 processing /app/data/gemtektechnologycoltd2546/3455/b1206p6/lighttpd1.4-3455/src/mod_simple_vhost.c
2025-12-18 05:11:19,262 - Knowledge - INFO - process ingested knowledge for /app/data/gemtektechnologycoltd2546/3455/b1206p6/lighttpd1.4-3455/src/mod_authn_ldap.c
2025-12-18 05:11:19,464 - Knowledge - INFO - Async storing batch of 6 embeddings
2025-12-18 05:11:19,574 - Knowledge - INFO - process ingested knowledge for /app/data/gemtektechnologycoltd2546/3455/b1206p6/lighttpd1.4-3455/src/mod_authn_dbi.c
2025-12-18 05:11:19,582 - Knowledge - INFO - Fast-tracked /app/data/gemtektechnologycoltd2546/3455/b1206p6/lighttpd1.4-3455/src/sys-mmap.h (small file (2093 bytes))
2025-12-18 05:11:19,801 - Knowledge - INFO - process ingested knowledge for /app/data/gemtektechnologycoltd2546/3455/b1206p6/lighttpd1.4-3455/src/t/test_mod_ssi.c
2025-12-18 05:11:19,964 - Knowledge - INFO - process ingested knowledge for /app/data/gemtektechnologycoltd2546/3455/b1206p6/lighttpd1.4-3455/src/mod_vhostdb_dbi.c
2025-12-18 05:11:20,194 - Knowledge - INFO - Worker kw7 processing /app/data/gemtektechnologycoltd2546/3455/b1206p6/lighttpd1.4-3455/src/log.c
2025-12-18 05:11:20,334 - Knowledge - INFO - process ingested knowledge for /app/data/gemtektechnologycoltd2546/3455/b1206p6/lighttpd1.4-3455/src/algo_md5.h
2025-12-18 05:11:20,794 - Knowledge - INFO - Worker kw12 processing /app/data/gemtektechnologycoltd2546/3455/b1206p6/lighttpd1.4-3455/src/mod_vhostdb_api.c
2025-12-18 05:11:20,926 - Knowledge - INFO - process ingested knowledge for /app/data/gemtektechnologycoltd2546/3455/b1206p6/lighttpd1.4-3455/src/rand.c
2025-12-18 05:11:20,927 - Knowledge - INFO - process ingested knowledge for /app/data/gemtektechnologycoltd2546/3455/b1206p6/lighttpd1.4-3455/src/mod_openssl.c
2025-12-18 05:11:20,935 - Knowledge - INFO - [LLM_CALL] Completed: chunk.c:chunk1, Duration: 154187ms, PromptTokens: 34690, CompletionTokens: 1066, Cost: $0.00390
2025-12-18 05:11:21,291 - Knowledge - INFO - Fast-tracked /app/data/gemtektechnologycoltd2546/3455/b1206p6/lighttpd1.4-3455/src/algo_sha1.h (small file (2227 bytes))
2025-12-18 05:11:21,330 - Knowledge - INFO - Worker kw17 processing /app/data/gemtektechnologycoltd2546/3455/b1206p6/lighttpd1.4-3455/src/mod_authn_pam.c
2025-12-18 05:11:21,426 - Knowledge - INFO - process ingested knowledge for /app/data/gemtektechnologycoltd2546/3455/b1206p6/lighttpd1.4-3455/src/mod_authn_sasl.c
2025-12-18 05:11:21,501 - Knowledge - INFO - process ingested knowledge for /app/data/gemtektechnologycoltd2546/3455/b1206p6/lighttpd1.4-3455/src/array.c
2025-12-18 05:11:21,602 - Knowledge - INFO - Worker kw4 processing /app/data/gemtektechnologycoltd2546/3455/b1206p6/lighttpd1.4-3455/src/ls-hpack/lshpack.h
2025-12-18 05:11:21,771 - Knowledge - INFO - process ingested knowledge for /app/data/gemtektechnologycoltd2546/3455/b1206p6/lighttpd1.4-3455/src/algo_splaytree.h
2025-12-18 05:11:22,193 - Knowledge - INFO - process ingested knowledge for /app/data/gemtektechnologycoltd2546/3455/b1206p6/lighttpd1.4-3455/src/t/test_mod_access.c
2025-12-18 05:11:22,200 - Knowledge - INFO - process ingested knowledge for /app/data/gemtektechnologycoltd2546/3455/b1206p6/lighttpd1.4-3455/src/mod_indexfile.c
2025-12-18 05:11:22,348 - Knowledge - INFO - Worker kw7 processing /app/data/gemtektechnologycoltd2546/3455/b1206p6/lighttpd1.4-3455/src/http_cgi.c
2025-12-18 05:11:22,733 - Knowledge - INFO - Fast-tracked /app/data/gemtektechnologycoltd2546/3455/b1206p6/lighttpd1.4-3455/src/mod_vhostdb_api.c (ext=.c, size=1178)
2025-12-18 05:11:22,813 - Knowledge - INFO - process ingested knowledge for /app/data/gemtektechnologycoltd2546/3455/b1206p6/lighttpd1.4-3455/src/mod_userdir.c
2025-12-18 05:11:22,861 - Knowledge - INFO - process ingested knowledge for /app/data/gemtektechnologycoltd2546/3455/b1206p6/lighttpd1.4-3455/src/http_etag.h
2025-12-18 05:11:22,957 - Knowledge - INFO - process ingested knowledge for /app/data/gemtektechnologycoltd2546/3455/b1206p6/lighttpd1.4-3455/src/http_status.c
2025-12-18 05:11:23,132 - Knowledge - INFO - done ingest for /app/data/gemtektechnologycoltd2546/3455/b1206p6/lighttpd1.4-3455/src/chunk.c
2025-12-18 05:11:23,294 - Knowledge - INFO - [LLM_CALL] Completed: mod_dirlisting.c:chunk1, Duration: 28118ms, PromptTokens: 19932, CompletionTokens: 1305, Cost: $0.00252
2025-12-18 05:11:23,311 - Knowledge - INFO - Async storage completed for 5 embeddings
2025-12-18 05:11:23,410 - Knowledge - INFO - Worker kw17 processing /app/data/gemtektechnologycoltd2546/3455/b1206p6/lighttpd1.4-3455/src/mod_gnutls.c
2025-12-18 05:11:23,523 - Knowledge - INFO - process ingested knowledge for /app/data/gemtektechnologycoltd2546/3455/b1206p6/lighttpd1.4-3455/src/lempar.c
2025-12-18 05:11:23,652 - Knowledge - INFO - process ingested knowledge for /app/data/gemtektechnologycoltd2546/3455/b1206p6/lighttpd1.4-3455/src/mod_wstunnel.c
2025-12-18 05:11:23,771 - Knowledge - INFO - Worker kw4 processing /app/data/gemtektechnologycoltd2546/3455/b1206p6/lighttpd1.4-3455/src/ls-hpack/README.md
2025-12-18 05:11:23,865 - Knowledge - INFO - process ingested knowledge for /app/data/gemtektechnologycoltd2546/3455/b1206p6/lighttpd1.4-3455/src/http_kv.c
2025-12-18 05:11:23,978 - Knowledge - INFO - process ingested knowledge for /app/data/gemtektechnologycoltd2546/3455/b1206p6/lighttpd1.4-3455/src/t/test_request.c
2025-12-18 05:11:24,136 - Knowledge - INFO - process ingested knowledge for /app/data/gemtektechnologycoltd2546/3455/b1206p6/lighttpd1.4-3455/src/mod_staticfile.c
2025-12-18 05:11:24,280 - Knowledge - INFO - Worker kw7 processing /app/data/gemtektechnologycoltd2546/3455/b1206p6/lighttpd1.4-3455/src/reqpool.c
2025-12-18 05:11:24,398 - Knowledge - INFO - Async storage completed for 5 embeddings
2025-12-18 05:11:24,479 - Knowledge - INFO - Worker kw12 processing /app/data/gemtektechnologycoltd2546/3455/b1206p6/lighttpd1.4-3455/src/fdevent_impl.h
2025-12-18 05:11:24,663 - Knowledge - INFO - process ingested knowledge for /app/data/gemtektechnologycoltd2546/3455/b1206p6/lighttpd1.4-3455/src/http_date.c
2025-12-18 05:11:24,791 - Knowledge - INFO - process ingested knowledge for /app/data/gemtektechnologycoltd2546/3455/b1206p6/lighttpd1.4-3455/src/mod_extforward.c
2025-12-18 05:11:25,033 - Knowledge - INFO - process ingested knowledge for /app/data/gemtektechnologycoltd2546/3455/b1206p6/lighttpd1.4-3455/src/mod_accesslog.c
2025-12-18 05:11:25,347 - Knowledge - INFO - [WEBSOCKET] Sent: Type=progress_update, Size: 291, Duration: 54ms
2025-12-18 05:11:25,370 - Knowledge - WARNING - Timeout processing /app/data/gemtektechnologycoltd2546/3455/b1206p6/lighttpd1.4-3455/src/request.c after 90s - using fallback metadata
2025-12-18 05:11:25,731 - Knowledge - INFO - Fast-tracked /app/data/gemtektechnologycoltd2546/3455/b1206p6/lighttpd1.4-3455/src/mod_gnutls.c (ext=.c, size=143876)
2025-12-18 05:11:25,832 - Knowledge - INFO - process ingested knowledge for /app/data/gemtektechnologycoltd2546/3455/b1206p6/lighttpd1.4-3455/src/fdlog.h
2025-12-18 05:11:25,935 - Knowledge - INFO - process ingested knowledge for /app/data/gemtektechnologycoltd2546/3455/b1206p6/lighttpd1.4-3455/src/network.h
2025-12-18 05:11:26,050 - Knowledge - INFO - Fast-tracked /app/data/gemtektechnologycoltd2546/3455/b1206p6/lighttpd1.4-3455/src/ls-hpack/README.md (ext=.md, size=1001)
2025-12-18 05:11:26,132 - Knowledge - INFO - process ingested knowledge for /app/data/gemtektechnologycoltd2546/3455/b1206p6/lighttpd1.4-3455/src/configfile-glue.c
2025-12-18 05:11:26,248 - Knowledge - INFO - process ingested knowledge for /app/data/gemtektechnologycoltd2546/3455/b1206p6/lighttpd1.4-3455/src/t/test_mod_alias.c
2025-12-18 05:11:26,426 - Knowledge - INFO - process ingested knowledge for /app/data/gemtektechnologycoltd2546/3455/b1206p6/lighttpd1.4-3455/src/vector.c
2025-12-18 05:11:26,595 - Knowledge - INFO - Worker kw7 processing /app/data/gemtektechnologycoltd2546/3455/b1206p6/lighttpd1.4-3455/src/ls-hpack/lsxpack_header.h
2025-12-18 05:11:26,977 - Knowledge - INFO - Worker kw12 processing /app/data/gemtektechnologycoltd2546/3455/b1206p6/lighttpd1.4-3455/src/mod_boringssl.c
2025-12-18 05:11:27,039 - Knowledge - INFO - process ingested knowledge for /app/data/gemtektechnologycoltd2546/3455/b1206p6/lighttpd1.4-3455/src/CMakeLists.txt
2025-12-18 05:11:27,136 - Knowledge - INFO - process ingested knowledge for /app/data/gemtektechnologycoltd2546/3455/b1206p6/lighttpd1.4-3455/src/gw_backend.c
2025-12-18 05:11:27,284 - Knowledge - INFO - process ingested knowledge for /app/data/gemtektechnologycoltd2546/3455/b1206p6/lighttpd1.4-3455/src/mod_nss.c
2025-12-18 05:11:27,404 - Knowledge - INFO - [WEBSOCKET] Sent: Type=unknown, Size: ?, Duration: 2111ms
2025-12-18 05:11:27,646 - Knowledge - INFO - Worker kw17 processing /app/data/gemtektechnologycoltd2546/3455/b1206p6/lighttpd1.4-3455/src/fdevent.c
2025-12-18 05:11:27,792 - Knowledge - INFO - process ingested knowledge for /app/data/gemtektechnologycoltd2546/3455/b1206p6/lighttpd1.4-3455/src/mod_proxy.c
2025-12-18 05:11:27,961 - Knowledge - INFO - process ingested knowledge for /app/data/gemtektechnologycoltd2546/3455/b1206p6/lighttpd1.4-3455/src/sys-setjmp.c
2025-12-18 05:11:28,097 - Knowledge - INFO - Worker kw4 processing /app/data/gemtektechnologycoltd2546/3455/b1206p6/lighttpd1.4-3455/src/ls-hpack/huff-tables.h
2025-12-18 05:11:28,659 - Knowledge - INFO - process ingested knowledge for /app/data/gemtektechnologycoltd2546/3455/b1206p6/lighttpd1.4-3455/src/t/test_common.c
2025-12-18 05:11:28,677 - Knowledge - INFO - process ingested knowledge for /app/data/gemtektechnologycoltd2546/3455/b1206p6/lighttpd1.4-3455/src/mod_maxminddb.c
2025-12-18 05:11:28,841 - Knowledge - INFO - Fast-tracked /app/data/gemtektechnologycoltd2546/3455/b1206p6/lighttpd1.4-3455/src/mod_boringssl.c (ext=.c, size=162018)
2025-12-18 05:11:29,754 - Knowledge - INFO - Progress: 44.6% | Files: 117/260 | Rate: 0.63 files/sec | Queue: 91
2025-12-18 05:11:30,298 - Knowledge - INFO - Fast-tracked /app/data/gemtektechnologycoltd2546/3455/b1206p6/lighttpd1.4-3455/src/ls-hpack/huff-tables.h (ext=.h, size=125653)
2025-12-18 05:11:30,525 - Knowledge - INFO - process ingested knowledge for /app/data/gemtektechnologycoltd2546/3455/b1206p6/lighttpd1.4-3455/src/ck.h
2025-12-18 05:11:30,787 - Knowledge - INFO - Worker kw12 processing /app/data/gemtektechnologycoltd2546/3455/b1206p6/lighttpd1.4-3455/src/sock_addr_cache.h
2025-12-18 05:11:31,186 - Knowledge - INFO - Worker kw4 processing /app/data/gemtektechnologycoltd2546/3455/b1206p6/lighttpd1.4-3455/src/ls-hpack/lshpack.c
2025-12-18 05:11:31,571 - Knowledge - INFO - process ingested knowledge for /app/data/gemtektechnologycoltd2546/3455/b1206p6/lighttpd1.4-3455/src/mod_magnet_cache.h
2025-12-18 05:11:31,579 - Knowledge - INFO - process ingested knowledge for /app/data/gemtektechnologycoltd2546/3455/b1206p6/lighttpd1.4-3455/src/h2.h
2025-12-18 05:11:31,580 - Knowledge - INFO - Fast-tracked /app/data/gemtektechnologycoltd2546/3455/b1206p6/lighttpd1.4-3455/src/sock_addr_cache.h (ext=.h, size=240)
2025-12-18 05:11:33,139 - Knowledge - INFO - [kw3] Queue=91, InProgress=0, PendingWorkers=20/20, Completed=119/260 (45.8%)
2025-12-18 05:11:33,562 - Knowledge - INFO - Batch sizing: calculated=4, max_allowed=10, queue=91, active_workers=20/20
2025-12-18 05:11:37,006 - Knowledge - INFO - Processing batch of 5 files
2025-12-18 05:11:37,294 - Knowledge - INFO - process ingested knowledge for /app/data/gemtektechnologycoltd2546/3455/b1206p6/lighttpd1.4-3455/src/chunk.c
2025-12-18 05:11:37,944 - Knowledge - INFO - [LLM_CALL] Completed: sys-crypto-md.h:chunk1, Duration: 82359ms, PromptTokens: 17428, CompletionTokens: 1972, Cost: $0.00253
2025-12-18 05:11:38,294 - Knowledge - INFO - done ingest for /app/data/gemtektechnologycoltd2546/3455/b1206p6/lighttpd1.4-3455/src/sys-crypto-md.h
2025-12-18 05:11:39,459 - Knowledge - INFO - Async storing batch of 5 embeddings
2025-12-18 05:11:39,464 - Knowledge - INFO - [kw11] Queue=87, InProgress=0, PendingWorkers=20/20, Completed=121/260 (46.5%)
2025-12-18 05:11:39,980 - Knowledge - INFO - Worker kw3 processing /app/data/gemtektechnologycoltd2546/3455/b1206p6/lighttpd1.4-3455/src/mod_cgi.c
2025-12-18 05:11:40,096 - Knowledge - INFO - Async storage completed for 5 embeddings
2025-12-18 05:11:40,121 - Knowledge - INFO - Batch sizing: calculated=4, max_allowed=10, queue=87, active_workers=20/20
2025-12-18 05:11:40,411 - Knowledge - INFO - Worker kw3 processing /app/data/gemtektechnologycoltd2546/3455/b1206p6/lighttpd1.4-3455/src/http_date.h
2025-12-18 05:11:40,699 - Knowledge - INFO - process ingested knowledge for /app/data/gemtektechnologycoltd2546/3455/b1206p6/lighttpd1.4-3455/src/request.c
2025-12-18 05:11:40,937 - Knowledge - INFO - Fast-tracked /app/data/gemtektechnologycoltd2546/3455/b1206p6/lighttpd1.4-3455/src/http_date.h (ext=.h, size=1058)
2025-12-18 05:11:41,317 - Knowledge - INFO - Worker kw3 processing /app/data/gemtektechnologycoltd2546/3455/b1206p6/lighttpd1.4-3455/src/base64.h
2025-12-18 05:11:41,767 - Knowledge - INFO - Fast-tracked /app/data/gemtektechnologycoltd2546/3455/b1206p6/lighttpd1.4-3455/src/base64.h (ext=.h, size=1296)
2025-12-18 05:11:42,160 - Knowledge - INFO - Async storage completed for 6 embeddings
2025-12-18 05:11:42,177 - Knowledge - INFO - Worker kw3 processing /app/data/gemtektechnologycoltd2546/3455/b1206p6/lighttpd1.4-3455/src/h2.c
2025-12-18 05:11:42,815 - Knowledge - INFO - Fast-tracked /app/data/gemtektechnologycoltd2546/3455/b1206p6/lighttpd1.4-3455/src/h2.c (ext=.c, size=162359)
2025-12-18 05:11:42,982 - Knowledge - INFO - [kw19] Queue=87, InProgress=0, PendingWorkers=20/20, Completed=121/260 (46.5%)
2025-12-18 05:11:43,341 - Knowledge - INFO - Batch sizing: calculated=4, max_allowed=10, queue=87, active_workers=20/20
2025-12-18 05:11:43,638 - Knowledge - INFO - Async storing batch of 5 embeddings
2025-12-18 05:11:43,656 - Knowledge - INFO - process ingested knowledge for /app/data/gemtektechnologycoltd2546/3455/b1206p6/lighttpd1.4-3455/src/mod_vhostdb.c
2025-12-18 05:11:44,086 - Knowledge - INFO - Worker kw11 processing /app/data/gemtektechnologycoltd2546/3455/b1206p6/lighttpd1.4-3455/src/mod_auth_api.c
2025-12-18 05:11:45,173 - Knowledge - INFO - Worker kw11 processing /app/data/gemtektechnologycoltd2546/3455/b1206p6/lighttpd1.4-3455/src/sock_addr.c
2025-12-18 05:11:45,629 - Knowledge - INFO - Worker kw11 processing /app/data/gemtektechnologycoltd2546/3455/b1206p6/lighttpd1.4-3455/src/base_decls.h
2025-12-18 05:11:45,922 - Knowledge - INFO - Fast-tracked /app/data/gemtektechnologycoltd2546/3455/b1206p6/lighttpd1.4-3455/src/base_decls.h (ext=.h, size=670)
2025-12-18 05:11:46,307 - Knowledge - INFO - Worker kw11 processing /app/data/gemtektechnologycoltd2546/3455/b1206p6/lighttpd1.4-3455/src/burl.h
2025-12-18 05:11:46,782 - Knowledge - INFO - Fast-tracked /app/data/gemtektechnologycoltd2546/3455/b1206p6/lighttpd1.4-3455/src/burl.h (ext=.h, size=1724)
2025-12-18 05:11:48,123 - Knowledge - INFO - Async storing batch of 5 embeddings
2025-12-18 05:11:48,518 - Knowledge - INFO - Worker kw19 processing /app/data/gemtektechnologycoltd2546/3455/b1206p6/lighttpd1.4-3455/src/rand.h
2025-12-18 05:11:48,724 - Knowledge - INFO - process ingested knowledge for /app/data/gemtektechnologycoltd2546/3455/b1206p6/lighttpd1.4-3455/src/network_write.h
2025-12-18 05:11:48,919 - Knowledge - INFO - Fast-tracked /app/data/gemtektechnologycoltd2546/3455/b1206p6/lighttpd1.4-3455/src/rand.h (ext=.h, size=256)
2025-12-18 05:11:49,510 - Knowledge - INFO - Worker kw19 processing /app/data/gemtektechnologycoltd2546/3455/b1206p6/lighttpd1.4-3455/src/mod_mbedtls.c
2025-12-18 05:11:49,577 - Knowledge - INFO - [LLM_CALL] Completed: mod_skeleton.c:chunk1, Duration: 35805ms, PromptTokens: 2772, CompletionTokens: 465, Cost: $0.00046
2025-12-18 05:11:49,748 - Knowledge - INFO - Fast-tracked /app/data/gemtektechnologycoltd2546/3455/b1206p6/lighttpd1.4-3455/src/mod_mbedtls.c (ext=.c, size=201885)
2025-12-18 05:11:49,927 - Knowledge - INFO - done ingest for /app/data/gemtektechnologycoltd2546/3455/b1206p6/lighttpd1.4-3455/src/mod_skeleton.c
2025-12-18 05:11:49,978 - Knowledge - WARNING - Timeout processing /app/data/gemtektechnologycoltd2546/3455/b1206p6/lighttpd1.4-3455/src/http-header-glue.c after 90s - using fallback metadata
2025-12-18 05:11:49,998 - Knowledge - INFO - Async storage completed for 5 embeddings
2025-12-18 05:11:50,055 - Knowledge - INFO - [kw18] Queue=79, InProgress=0, PendingWorkers=20/20, Completed=121/260 (46.5%)
2025-12-18 05:11:50,129 - Knowledge - INFO - Worker kw19 processing /app/data/gemtektechnologycoltd2546/3455/b1206p6/lighttpd1.4-3455/src/config.h.cmake
2025-12-18 05:11:50,493 - Knowledge - INFO - Async storage completed for 5 embeddings
2025-12-18 05:11:50,705 - Knowledge - INFO - [LLM_CALL] Completed: fdevent_impl.h:chunk1, Duration: 18345ms, PromptTokens: 2626, CompletionTokens: 396, Cost: $0.00042
2025-12-18 05:11:50,826 - Knowledge - INFO - Batch sizing: calculated=4, max_allowed=10, queue=79, active_workers=20/20
2025-12-18 05:11:51,156 - Knowledge - INFO - Worker kw19 processing /app/data/gemtektechnologycoltd2546/3455/b1206p6/lighttpd1.4-3455/src/network.c
2025-12-18 05:11:51,484 - Knowledge - INFO - done ingest for /app/data/gemtektechnologycoltd2546/3455/b1206p6/lighttpd1.4-3455/src/fdevent_impl.h
2025-12-18 05:11:51,819 - Knowledge - INFO - process ingested knowledge for /app/data/gemtektechnologycoltd2546/3455/b1206p6/lighttpd1.4-3455/src/mod_wolfssl.c
2025-12-18 05:11:52,360 - Knowledge - INFO - Async storage completed for 6 embeddings
2025-12-18 05:11:52,689 - Knowledge - INFO - [LLM_CALL] Completed: http_range.c:chunk1, Duration: 29443ms, PromptTokens: 11106, CompletionTokens: 769, Cost: $0.00142
2025-12-18 05:11:53,079 - Knowledge - INFO - done ingest for /app/data/gemtektechnologycoltd2546/3455/b1206p6/lighttpd1.4-3455/src/http_range.c
2025-12-18 05:11:53,143 - Knowledge - INFO - Async storing batch of 5 embeddings
2025-12-18 05:11:53,160 - Knowledge - INFO - [LLM_CALL] Completed: mod_dirlisting.c:chunk2, Duration: 27830ms, PromptTokens: 21248, CompletionTokens: 1285, Cost: $0.00264
2025-12-18 05:11:53,693 - Knowledge - INFO - Worker kw18 processing /app/data/gemtektechnologycoltd2546/3455/b1206p6/lighttpd1.4-3455/src/buffer.c
2025-12-18 05:11:53,853 - Knowledge - INFO - [kw14] Queue=75, InProgress=0, PendingWorkers=20/20, Completed=122/260 (46.9%)
2025-12-18 05:11:54,003 - Knowledge - INFO - [WEBSOCKET] Sent: Type=progress_update, Size: 292, Duration: 28ms
2025-12-18 05:11:54,016 - Knowledge - INFO - Worker kw18 processing /app/data/gemtektechnologycoltd2546/3455/b1206p6/lighttpd1.4-3455/src/gw_backend.h
2025-12-18 05:11:54,195 - Knowledge - INFO - Batch sizing: calculated=4, max_allowed=10, queue=75, active_workers=20/20
2025-12-18 05:11:54,481 - Knowledge - INFO - [WEBSOCKET] Sent: Type=unknown, Size: ?, Duration: 508ms
2025-12-18 05:11:54,614 - Knowledge - INFO - Worker kw18 processing /app/data/gemtektechnologycoltd2546/3455/b1206p6/lighttpd1.4-3455/src/sys-socket.h
2025-12-18 05:11:54,846 - Knowledge - INFO - Progress: 46.9% | Files: 123/260 | Rate: 0.57 files/sec | Queue: 75
2025-12-18 05:11:54,968 - Knowledge - INFO - [kw2] Queue=75, InProgress=0, PendingWorkers=20/20, Completed=123/260 (47.3%)
2025-12-18 05:11:55,061 - Knowledge - INFO - [LLM_CALL] Completed: http_header.c:chunk1, Duration: 55213ms, PromptTokens: 11276, CompletionTokens: 1168, Cost: $0.00159
2025-12-18 05:11:55,170 - Knowledge - INFO - Fast-tracked /app/data/gemtektechnologycoltd2546/3455/b1206p6/lighttpd1.4-3455/src/sys-socket.h (ext=.h, size=1114)
2025-12-18 05:11:55,411 - Knowledge - INFO - Batch sizing: calculated=4, max_allowed=10, queue=75, active_workers=20/20
2025-12-18 05:11:55,566 - Knowledge - INFO - done ingest for /app/data/gemtektechnologycoltd2546/3455/b1206p6/lighttpd1.4-3455/src/http_header.c
2025-12-18 05:11:55,614 - Knowledge - INFO - Async storing batch of 5 embeddings
2025-12-18 05:11:55,681 - Knowledge - INFO - Worker kw18 processing /app/data/gemtektechnologycoltd2546/3455/b1206p6/lighttpd1.4-3455/src/algo_xxhash.c
2025-12-18 05:11:56,256 - Knowledge - INFO - Worker kw14 processing /app/data/gemtektechnologycoltd2546/3455/b1206p6/lighttpd1.4-3455/src/configfile.c
2025-12-18 05:11:56,411 - Knowledge - INFO - [kw9] Queue=71, InProgress=0, PendingWorkers=20/20, Completed=125/260 (48.1%)
2025-12-18 05:11:56,501 - Knowledge - INFO - [kw5] Queue=71, InProgress=0, PendingWorkers=20/20, Completed=126/260 (48.5%)
2025-12-18 05:11:56,525 - Knowledge - INFO - [kw6] Queue=71, InProgress=0, PendingWorkers=20/20, Completed=126/260 (48.5%)
2025-12-18 05:11:56,691 - Knowledge - INFO - Fast-tracked /app/data/gemtektechnologycoltd2546/3455/b1206p6/lighttpd1.4-3455/src/configfile.c (ext=.c, size=103063)
2025-12-18 05:11:56,773 - Knowledge - INFO - Batch sizing: calculated=4, max_allowed=10, queue=71, active_workers=20/20
2025-12-18 05:11:56,845 - Knowledge - INFO - Async storing batch of 6 embeddings
2025-12-18 05:11:56,846 - Knowledge - INFO - Async storage completed for 5 embeddings
2025-12-18 05:11:56,931 - Knowledge - INFO - Batch sizing: calculated=4, max_allowed=10, queue=71, active_workers=20/20
2025-12-18 05:11:57,040 - Knowledge - INFO - Batch sizing: calculated=4, max_allowed=10, queue=71, active_workers=20/20
2025-12-18 05:11:57,194 - Knowledge - INFO - Worker kw14 processing /app/data/gemtektechnologycoltd2546/3455/b1206p6/lighttpd1.4-3455/src/keyvalue.c
2025-12-18 05:11:57,792 - Knowledge - INFO - Async storing batch of 6 embeddings
2025-12-18 05:11:57,910 - Knowledge - INFO - Worker kw2 processing /app/data/gemtektechnologycoltd2546/3455/b1206p6/lighttpd1.4-3455/src/mod_echo.c
2025-12-18 05:11:58,721 - Knowledge - INFO - Worker kw14 processing /app/data/gemtektechnologycoltd2546/3455/b1206p6/lighttpd1.4-3455/src/sys-wait.h
2025-12-18 05:11:58,745 - Knowledge - INFO - [LLM_CALL] Completed: response.h:chunk1, Duration: 39028ms, PromptTokens: 2336, CompletionTokens: 639, Cost: $0.00049
2025-12-18 05:11:58,884 - Knowledge - INFO - Worker kw9 processing /app/data/gemtektechnologycoltd2546/3455/b1206p6/lighttpd1.4-3455/src/chunk.h
2025-12-18 05:11:59,259 - Knowledge - INFO - Worker kw2 processing /app/data/gemtektechnologycoltd2546/3455/b1206p6/lighttpd1.4-3455/src/mod_authn_file.c
2025-12-18 05:11:59,556 - Knowledge - INFO - Fast-tracked /app/data/gemtektechnologycoltd2546/3455/b1206p6/lighttpd1.4-3455/src/sys-wait.h (ext=.h, size=685)
2025-12-18 05:11:59,700 - Knowledge - INFO - done ingest for /app/data/gemtektechnologycoltd2546/3455/b1206p6/lighttpd1.4-3455/src/response.h
2025-12-18 05:11:59,794 - Knowledge - INFO - Async storing batch of 6 embeddings
2025-12-18 05:11:59,833 - Knowledge - INFO - Async storing batch of 6 embeddings
2025-12-18 05:11:59,931 - Knowledge - INFO - Worker kw9 processing /app/data/gemtektechnologycoltd2546/3455/b1206p6/lighttpd1.4-3455/src/request.h
2025-12-18 05:12:00,203 - Knowledge - INFO - Worker kw2 processing /app/data/gemtektechnologycoltd2546/3455/b1206p6/lighttpd1.4-3455/src/ck.c
2025-12-18 05:12:00,402 - Knowledge - INFO - Processing batch of 5 files
2025-12-18 05:12:00,464 - Knowledge - INFO - [LLM_CALL] Completed: lshpack.h:chunk1, Duration: 28676ms, PromptTokens: 5524, CompletionTokens: 704, Cost: $0.00083
2025-12-18 05:12:00,493 - Knowledge - INFO - Worker kw14 processing /app/data/gemtektechnologycoltd2546/3455/b1206p6/lighttpd1.4-3455/src/mod_ssi.c
2025-12-18 05:12:01,053 - Knowledge - INFO - Worker kw5 processing /app/data/gemtektechnologycoltd2546/3455/b1206p6/lighttpd1.4-3455/src/mod_ajp13.c
2025-12-18 05:12:01,132 - Knowledge - INFO - Worker kw6 processing /app/data/gemtektechnologycoltd2546/3455/b1206p6/lighttpd1.4-3455/doc/scripts/rrdtool-graph.sh
2025-12-18 05:12:01,548 - Knowledge - INFO - Worker kw9 processing /app/data/gemtektechnologycoltd2546/3455/b1206p6/lighttpd1.4-3455/src/mod_magnet_cache.c
2025-12-18 05:12:01,581 - Knowledge - INFO - Async storage completed for 5 embeddings
2025-12-18 05:12:01,943 - Knowledge - INFO - Worker kw2 processing /app/data/gemtektechnologycoltd2546/3455/b1206p6/lighttpd1.4-3455/src/h1.h
2025-12-18 05:12:02,187 - Knowledge - INFO - process ingested knowledge for /app/data/gemtektechnologycoltd2546/3455/b1206p6/lighttpd1.4-3455/src/sys-crypto.h
2025-12-18 05:12:02,275 - Knowledge - INFO - done ingest for /app/data/gemtektechnologycoltd2546/3455/b1206p6/lighttpd1.4-3455/src/ls-hpack/lshpack.h
2025-12-18 05:12:02,306 - Knowledge - INFO - Processing batch of 5 files
2025-12-18 05:12:02,317 - Knowledge - INFO - [LLM_CALL] Completed: plugin.h:chunk1, Duration: 58257ms, PromptTokens: 2404, CompletionTokens: 687, Cost: $0.00052
2025-12-18 05:12:02,567 - Knowledge - INFO - Worker kw5 processing /app/data/gemtektechnologycoltd2546/3455/b1206p6/lighttpd1.4-3455/src/mod_vhostdb_mysql.c
2025-12-18 05:12:03,356 - Knowledge - INFO - Fast-tracked /app/data/gemtektechnologycoltd2546/3455/b1206p6/lighttpd1.4-3455/doc/scripts/rrdtool-graph.sh (ext=.sh, size=1253)
2025-12-18 05:12:04,043 - Knowledge - INFO - Fast-tracked /app/data/gemtektechnologycoltd2546/3455/b1206p6/lighttpd1.4-3455/src/h1.h (ext=.h, size=501)
2025-12-18 05:12:03,491 - Knowledge - INFO - Worker kw9 processing /app/data/gemtektechnologycoltd2546/3455/b1206p6/lighttpd1.4-3455/src/fdevent_win32.c
2025-12-18 05:12:04,451 - Knowledge - INFO - process ingested knowledge for /app/data/gemtektechnologycoltd2546/3455/b1206p6/lighttpd1.4-3455/src/mod_vhostdb_api.c
2025-12-18 05:12:04,870 - Knowledge - INFO - process ingested knowledge for /app/data/gemtektechnologycoltd2546/3455/b1206p6/lighttpd1.4-3455/src/http-header-glue.c
2025-12-18 05:12:05,214 - Knowledge - INFO - done ingest for /app/data/gemtektechnologycoltd2546/3455/b1206p6/lighttpd1.4-3455/src/plugin.h
2025-12-18 05:12:05,347 - Knowledge - INFO - [WEBSOCKET] Sent: Type=progress_update, Size: 292, Duration: 0ms
2025-12-18 05:12:05,404 - Knowledge - INFO - Worker kw5 processing /app/data/gemtektechnologycoltd2546/3455/b1206p6/lighttpd1.4-3455/autogen.sh
2025-12-18 05:12:05,606 - Knowledge - INFO - Worker kw6 processing /app/data/gemtektechnologycoltd2546/3455/b1206p6/lighttpd1.4-3455/doc/scripts/cert-staple.sh
2025-12-18 05:12:06,296 - Knowledge - INFO - process ingested knowledge for /app/data/gemtektechnologycoltd2546/3455/b1206p6/lighttpd1.4-3455/src/fdevent_impl.h
2025-12-18 05:12:06,454 - Knowledge - INFO - process ingested knowledge for /app/data/gemtektechnologycoltd2546/3455/b1206p6/lighttpd1.4-3455/src/base.h
2025-12-18 05:12:06,989 - Knowledge - INFO - [LLM_CALL] Completed: mod_evhost.c:chunk1, Duration: 58629ms, PromptTokens: 7214, CompletionTokens: 825, Cost: $0.00105
2025-12-18 05:12:07,081 - Knowledge - INFO - Fast-tracked /app/data/gemtektechnologycoltd2546/3455/b1206p6/lighttpd1.4-3455/autogen.sh (ext=.sh, size=484)
2025-12-18 05:12:07,346 - Knowledge - INFO - Worker kw6 processing /app/data/gemtektechnologycoltd2546/3455/b1206p6/lighttpd1.4-3455/doc/scripts/create-mime.conf.pl
2025-12-18 05:12:07,470 - Knowledge - INFO - process ingested knowledge for /app/data/gemtektechnologycoltd2546/3455/b1206p6/lighttpd1.4-3455/src/mod_boringssl.c
2025-12-18 05:12:07,639 - Knowledge - INFO - process ingested knowledge for /app/data/gemtektechnologycoltd2546/3455/b1206p6/lighttpd1.4-3455/src/sys-crypto-md.h
2025-12-18 05:12:07,883 - Knowledge - INFO - done ingest for /app/data/gemtektechnologycoltd2546/3455/b1206p6/lighttpd1.4-3455/src/mod_evhost.c
2025-12-18 05:12:07,989 - Knowledge - INFO - [WEBSOCKET] Sent: Type=unknown, Size: ?, Duration: 2642ms
2025-12-18 05:12:08,134 - Knowledge - INFO - Worker kw5 processing /app/data/gemtektechnologycoltd2546/3455/b1206p6/lighttpd1.4-3455/packdist.sh
2025-12-18 05:12:08,255 - Knowledge - INFO - Worker kw6 processing /app/data/gemtektechnologycoltd2546/3455/b1206p6/lighttpd1.4-3455/doc/newstyle.css
2025-12-18 05:12:08,385 - Knowledge - INFO - process ingested knowledge for /app/data/gemtektechnologycoltd2546/3455/b1206p6/lighttpd1.4-3455/src/sock_addr_cache.h
2025-12-18 05:12:08,572 - Knowledge - INFO - process ingested knowledge for /app/data/gemtektechnologycoltd2546/3455/b1206p6/lighttpd1.4-3455/src/sys-time.h
2025-12-18 05:12:09,029 - Knowledge - INFO - Progress: 50.4% | Files: 131/260 | Rate: 0.58 files/sec | Queue: 55
2025-12-18 05:12:09,029 - Knowledge - INFO - [LLM_CALL] Completed: mod_deflate.c:chunk1, Duration: 53065ms, PromptTokens: 17898, CompletionTokens: 1095, Cost: $0.00223
2025-12-18 05:12:09,557 - Knowledge - INFO - Fast-tracked /app/data/gemtektechnologycoltd2546/3455/b1206p6/lighttpd1.4-3455/doc/newstyle.css (ext=.css, size=741)
2025-12-18 05:12:10,318 - Knowledge - INFO - [LLM_CALL] Completed: network_write.c:chunk1, Duration: 54479ms, PromptTokens: 14034, CompletionTokens: 750, Cost: $0.00170
2025-12-18 05:12:10,449 - Knowledge - INFO - process ingested knowledge for /app/data/gemtektechnologycoltd2546/3455/b1206p6/lighttpd1.4-3455/src/fs_win32.h
2025-12-18 05:12:10,549 - Knowledge - INFO - [kw16] Queue=55, InProgress=0, PendingWorkers=20/20, Completed=131/260 (50.4%)
2025-12-18 05:12:10,603 - Knowledge - INFO - done ingest for /app/data/gemtektechnologycoltd2546/3455/b1206p6/lighttpd1.4-3455/src/network_write.c
2025-12-18 05:12:10,716 - Knowledge - INFO - [LLM_CALL] Completed: config.h.cmake:chunk1, Duration: 18360ms, PromptTokens: 4378, CompletionTokens: 125, Cost: $0.00049
2025-12-18 05:12:10,974 - Knowledge - INFO - Batch sizing: calculated=4, max_allowed=10, queue=55, active_workers=20/20
2025-12-18 05:12:11,496 - Knowledge - INFO - done ingest for /app/data/gemtektechnologycoltd2546/3455/b1206p6/lighttpd1.4-3455/src/config.h.cmake
2025-12-18 05:12:11,543 - Knowledge - INFO - [LLM_CALL] Completed: mod_setenv.c:chunk1, Duration: 59426ms, PromptTokens: 6246, CompletionTokens: 807, Cost: $0.00095
2025-12-18 05:12:12,078 - Knowledge - INFO - done ingest for /app/data/gemtektechnologycoltd2546/3455/b1206p6/lighttpd1.4-3455/src/mod_setenv.c
2025-12-18 05:12:13,195 - Knowledge - INFO - Async storing batch of 5 embeddings
2025-12-18 05:12:13,507 - Knowledge - INFO - Worker kw16 processing /app/data/gemtektechnologycoltd2546/3455/b1206p6/lighttpd1.4-3455/doc/outdated/plugins.txt
2025-12-18 05:12:13,905 - Knowledge - INFO - Fast-tracked /app/data/gemtektechnologycoltd2546/3455/b1206p6/lighttpd1.4-3455/doc/outdated/plugins.txt (ext=.txt, size=5452)
2025-12-18 05:12:14,309 - Knowledge - INFO - Worker kw16 processing /app/data/gemtektechnologycoltd2546/3455/b1206p6/lighttpd1.4-3455/doc/outdated/rewrite.txt
2025-12-18 05:12:14,979 - Knowledge - INFO - Fast-tracked /app/data/gemtektechnologycoltd2546/3455/b1206p6/lighttpd1.4-3455/doc/outdated/rewrite.txt (ext=.txt, size=1832)
2025-12-18 05:12:15,545 - Knowledge - INFO - Worker kw16 processing /app/data/gemtektechnologycoltd2546/3455/b1206p6/lighttpd1.4-3455/doc/outdated/ssl.txt
2025-12-18 05:12:15,942 - Knowledge - INFO - Fast-tracked /app/data/gemtektechnologycoltd2546/3455/b1206p6/lighttpd1.4-3455/doc/outdated/ssl.txt (ext=.txt, size=1433)
2025-12-18 05:12:16,290 - Knowledge - INFO - Worker kw16 processing /app/data/gemtektechnologycoltd2546/3455/b1206p6/lighttpd1.4-3455/doc/outdated/access.txt
2025-12-18 05:12:16,767 - Knowledge - INFO - Fast-tracked /app/data/gemtektechnologycoltd2546/3455/b1206p6/lighttpd1.4-3455/doc/outdated/access.txt (ext=.txt, size=890)
2025-12-18 05:12:17,150 - Knowledge - INFO - Async storage completed for 5 embeddings
2025-12-18 05:12:17,908 - Knowledge - INFO - [kw12] Queue=51, InProgress=0, PendingWorkers=20/20, Completed=137/260 (52.7%)
2025-12-18 05:12:17,937 - Knowledge - INFO - Processing batch of 4 files
2025-12-18 05:12:18,204 - Knowledge - INFO - Batch sizing: calculated=4, max_allowed=10, queue=51, active_workers=20/20
2025-12-18 05:12:18,661 - Knowledge - INFO - process ingested knowledge for /app/data/gemtektechnologycoltd2546/3455/b1206p6/lighttpd1.4-3455/doc/outdated/plugins.txt
2025-12-18 05:12:18,807 - Knowledge - INFO - Processing batch of 5 files
2025-12-18 05:12:18,821 - Knowledge - INFO - [LLM_CALL] Completed: http_cgi.c:chunk1, Duration: 46670ms, PromptTokens: 7960, CompletionTokens: 666, Cost: $0.00106
2025-12-18 05:12:19,053 - Knowledge - INFO - process ingested knowledge for /app/data/gemtektechnologycoltd2546/3455/b1206p6/lighttpd1.4-3455/doc/outdated/rewrite.txt
2025-12-18 05:12:19,378 - Knowledge - INFO - process ingested knowledge for /app/data/gemtektechnologycoltd2546/3455/b1206p6/lighttpd1.4-3455/src/mod_skeleton.c
2025-12-18 05:12:19,550 - Knowledge - INFO - done ingest for /app/data/gemtektechnologycoltd2546/3455/b1206p6/lighttpd1.4-3455/src/http_cgi.c
2025-12-18 05:12:19,656 - Knowledge - INFO - Async storing batch of 5 embeddings
2025-12-18 05:12:19,657 - Knowledge - INFO - [WEBSOCKET] Sent: Type=progress_update, Size: 292, Duration: 0ms
2025-12-18 05:12:19,924 - Knowledge - INFO - process ingested knowledge for /app/data/gemtektechnologycoltd2546/3455/b1206p6/lighttpd1.4-3455/doc/outdated/ssl.txt
2025-12-18 05:12:20,238 - Knowledge - INFO - process ingested knowledge for /app/data/gemtektechnologycoltd2546/3455/b1206p6/lighttpd1.4-3455/src/network_write.c
2025-12-18 05:12:20,563 - Knowledge - INFO - Worker kw12 processing /app/data/gemtektechnologycoltd2546/3455/b1206p6/lighttpd1.4-3455/doc/outdated/performance.txt
2025-12-18 05:12:20,740 - Knowledge - INFO - [LLM_CALL] Completed: mod_auth_api.c:chunk1, Duration: 33343ms, PromptTokens: 2904, CompletionTokens: 636, Cost: $0.00054
2025-12-18 05:12:20,892 - Knowledge - INFO - Fast-tracked /app/data/gemtektechnologycoltd2546/3455/b1206p6/lighttpd1.4-3455/src/algo_xxhash.c (small file (2013 bytes))
2025-12-18 05:12:21,551 - Knowledge - INFO - process ingested knowledge for /app/data/gemtektechnologycoltd2546/3455/b1206p6/lighttpd1.4-3455/doc/outdated/access.txt
2025-12-18 05:12:21,891 - Knowledge - INFO - process ingested knowledge for /app/data/gemtektechnologycoltd2546/3455/b1206p6/lighttpd1.4-3455/src/sys-setjmp.h
2025-12-18 05:12:22,011 - Knowledge - INFO - Fast-tracked /app/data/gemtektechnologycoltd2546/3455/b1206p6/lighttpd1.4-3455/doc/outdated/performance.txt (ext=.txt, size=13374)
2025-12-18 05:12:22,157 - Knowledge - INFO - done ingest for /app/data/gemtektechnologycoltd2546/3455/b1206p6/lighttpd1.4-3455/src/mod_auth_api.c
2025-12-18 05:12:22,216 - Knowledge - INFO - [WEBSOCKET] Sent: Type=unknown, Size: ?, Duration: 2560ms
2025-12-18 05:12:22,401 - Knowledge - INFO - Async storage completed for 5 embeddings
2025-12-18 05:12:22,878 - Knowledge - INFO - Worker kw12 processing /app/data/gemtektechnologycoltd2546/3455/b1206p6/lighttpd1.4-3455/doc/outdated/proxy.txt
2025-12-18 05:12:23,257 - Knowledge - INFO - Progress: 53.8% | Files: 140/260 | Rate: 0.58 files/sec | Queue: 47
2025-12-18 05:12:23,695 - Knowledge - INFO - process ingested knowledge for /app/data/gemtektechnologycoltd2546/3455/b1206p6/lighttpd1.4-3455/src/response.h
2025-12-18 05:12:23,796 - Knowledge - INFO - Fast-tracked /app/data/gemtektechnologycoltd2546/3455/b1206p6/lighttpd1.4-3455/doc/outdated/proxy.txt (ext=.txt, size=2947)
2025-12-18 05:12:23,988 - Knowledge - INFO - [LLM_CALL] Completed: lshpack.c:chunk1, Duration: 46710ms, PromptTokens: 37518, CompletionTokens: 736, Cost: $0.00405
2025-12-18 05:12:24,224 - Knowledge - INFO - Worker kw12 processing /app/data/gemtektechnologycoltd2546/3455/b1206p6/lighttpd1.4-3455/doc/outdated/redirect.txt
2025-12-18 05:12:24,412 - Knowledge - INFO - [kw1] Queue=47, InProgress=0, PendingWorkers=20/20, Completed=140/260 (53.8%)
2025-12-18 05:12:24,417 - Knowledge - INFO - process ingested knowledge for /app/data/gemtektechnologycoltd2546/3455/b1206p6/lighttpd1.4-3455/src/algo_sha1.h
2025-12-18 05:12:24,457 - Knowledge - INFO - done ingest for /app/data/gemtektechnologycoltd2546/3455/b1206p6/lighttpd1.4-3455/src/ls-hpack/lshpack.c
2025-12-18 05:12:24,642 - Knowledge - INFO - Fast-tracked /app/data/gemtektechnologycoltd2546/3455/b1206p6/lighttpd1.4-3455/doc/outdated/redirect.txt (ext=.txt, size=998)
2025-12-18 05:12:24,727 - Knowledge - INFO - Batch sizing: calculated=4, max_allowed=10, queue=47, active_workers=20/20
2025-12-18 05:12:25,605 - Knowledge - INFO - Worker kw12 processing /app/data/gemtektechnologycoltd2546/3455/b1206p6/lighttpd1.4-3455/doc/outdated/alias.txt
2025-12-18 05:12:26,209 - Knowledge - INFO - Fast-tracked /app/data/gemtektechnologycoltd2546/3455/b1206p6/lighttpd1.4-3455/doc/outdated/alias.txt (ext=.txt, size=565)
2025-12-18 05:12:26,610 - Knowledge - INFO - Async storage completed for 5 embeddings
2025-12-18 05:12:26,815 - Knowledge - INFO - Async storage completed for 5 embeddings
2025-12-18 05:12:27,136 - Knowledge - INFO - Async storing batch of 5 embeddings
2025-12-18 05:12:27,685 - Knowledge - INFO - [kw16] Queue=43, InProgress=0, PendingWorkers=20/20, Completed=143/260 (55.0%)
2025-12-18 05:12:27,747 - Knowledge - INFO - Processing batch of 4 files
2025-12-18 05:12:27,926 - Knowledge - INFO - Worker kw1 processing /app/data/gemtektechnologycoltd2546/3455/b1206p6/lighttpd1.4-3455/doc/outdated/extforward.txt
2025-12-18 05:12:28,411 - Knowledge - INFO - Batch sizing: calculated=4, max_allowed=10, queue=43, active_workers=20/20
2025-12-18 05:12:28,731 - Knowledge - INFO - process ingested knowledge for /app/data/gemtektechnologycoltd2546/3455/b1206p6/lighttpd1.4-3455/doc/outdated/performance.txt
2025-12-18 05:12:28,969 - Knowledge - INFO - Fast-tracked /app/data/gemtektechnologycoltd2546/3455/b1206p6/lighttpd1.4-3455/doc/outdated/extforward.txt (ext=.txt, size=2993)
2025-12-18 05:12:29,159 - Knowledge - INFO - Processing batch of 4 files
2025-12-18 05:12:29,424 - Knowledge - INFO - Worker kw1 processing /app/data/gemtektechnologycoltd2546/3455/b1206p6/lighttpd1.4-3455/doc/outdated/traffic-shaping.txt
2025-12-18 05:12:29,700 - Knowledge - INFO - Async storing batch of 4 embeddings
2025-12-18 05:12:29,700 - Knowledge - INFO - process ingested knowledge for /app/data/gemtektechnologycoltd2546/3455/b1206p6/lighttpd1.4-3455/src/ls-hpack/lshpack.h
2025-12-18 05:12:29,715 - Knowledge - INFO - process ingested knowledge for /app/data/gemtektechnologycoltd2546/3455/b1206p6/lighttpd1.4-3455/doc/outdated/proxy.txt
2025-12-18 05:12:30,093 - Knowledge - INFO - Fast-tracked /app/data/gemtektechnologycoltd2546/3455/b1206p6/lighttpd1.4-3455/doc/outdated/traffic-shaping.txt (ext=.txt, size=1136)
2025-12-18 05:12:30,195 - Knowledge - INFO - Worker kw16 processing /app/data/gemtektechnologycoltd2546/3455/b1206p6/lighttpd1.4-3455/doc/outdated/userdir.txt
2025-12-18 05:12:31,227 - Knowledge - INFO - Worker kw1 processing /app/data/gemtektechnologycoltd2546/3455/b1206p6/lighttpd1.4-3455/doc/outdated/rrdtool.txt
2025-12-18 05:12:31,244 - Knowledge - INFO - process ingested knowledge for /app/data/gemtektechnologycoltd2546/3455/b1206p6/lighttpd1.4-3455/src/ls-hpack/README.md
2025-12-18 05:12:31,280 - Knowledge - INFO - process ingested knowledge for /app/data/gemtektechnologycoltd2546/3455/b1206p6/lighttpd1.4-3455/doc/outdated/redirect.txt
2025-12-18 05:12:31,348 - Knowledge - INFO - [WEBSOCKET] Sent: Type=progress_update, Size: 293, Duration: 0ms
2025-12-18 05:12:31,768 - Knowledge - INFO - Fast-tracked /app/data/gemtektechnologycoltd2546/3455/b1206p6/lighttpd1.4-3455/doc/outdated/userdir.txt (ext=.txt, size=1830)
2025-12-18 05:12:32,049 - Knowledge - INFO - Fast-tracked /app/data/gemtektechnologycoltd2546/3455/b1206p6/lighttpd1.4-3455/doc/outdated/rrdtool.txt (ext=.txt, size=3027)
2025-12-18 05:12:32,164 - Knowledge - INFO - process ingested knowledge for /app/data/gemtektechnologycoltd2546/3455/b1206p6/lighttpd1.4-3455/src/ls-hpack/huff-tables.h
2025-12-18 05:12:32,481 - Knowledge - INFO - process ingested knowledge for /app/data/gemtektechnologycoltd2546/3455/b1206p6/lighttpd1.4-3455/doc/outdated/alias.txt
2025-12-18 05:12:32,953 - Knowledge - INFO - [WEBSOCKET] Sent: Type=unknown, Size: ?, Duration: 1606ms
2025-12-18 05:12:33,649 - Knowledge - INFO - Worker kw16 processing /app/data/gemtektechnologycoltd2546/3455/b1206p6/lighttpd1.4-3455/doc/outdated/status.txt
2025-12-18 05:12:33,972 - Knowledge - INFO - Async storage completed for 6 embeddings
2025-12-18 05:12:34,226 - Knowledge - INFO - Worker kw1 processing /app/data/gemtektechnologycoltd2546/3455/b1206p6/lighttpd1.4-3455/doc/outdated/scgi.txt
2025-12-18 05:12:34,457 - Knowledge - INFO - process ingested knowledge for /app/data/gemtektechnologycoltd2546/3455/b1206p6/lighttpd1.4-3455/src/ls-hpack/lshpack.c
2025-12-18 05:12:35,042 - Knowledge - INFO - Progress: 56.9% | Files: 148/260 | Rate: 0.58 files/sec | Queue: 39
2025-12-18 05:12:35,210 - Knowledge - INFO - Fast-tracked /app/data/gemtektechnologycoltd2546/3455/b1206p6/lighttpd1.4-3455/doc/outdated/status.txt (ext=.txt, size=2385)
2025-12-18 05:12:36,336 - Knowledge - INFO - Fast-tracked /app/data/gemtektechnologycoltd2546/3455/b1206p6/lighttpd1.4-3455/doc/outdated/scgi.txt (ext=.txt, size=701)
2025-12-18 05:12:36,541 - Knowledge - INFO - Async storage completed for 6 embeddings
2025-12-18 05:12:37,265 - Knowledge - INFO - Worker kw16 processing /app/data/gemtektechnologycoltd2546/3455/b1206p6/lighttpd1.4-3455/doc/outdated/accesslog.txt
2025-12-18 05:12:37,406 - Knowledge - INFO - Async storage completed for 5 embeddings
2025-12-18 05:12:37,517 - Knowledge - INFO - [kw13] Queue=39, InProgress=0, PendingWorkers=20/20, Completed=148/260 (56.9%)
2025-12-18 05:12:37,944 - Knowledge - INFO - Fast-tracked /app/data/gemtektechnologycoltd2546/3455/b1206p6/lighttpd1.4-3455/doc/outdated/accesslog.txt (ext=.txt, size=2956)
2025-12-18 05:12:38,424 - Knowledge - INFO - Batch sizing: calculated=4, max_allowed=10, queue=39, active_workers=20/20
2025-12-18 05:12:38,675 - Knowledge - INFO - Worker kw16 processing /app/data/gemtektechnologycoltd2546/3455/b1206p6/lighttpd1.4-3455/doc/outdated/compress.txt
2025-12-18 05:12:39,376 - Knowledge - INFO - Fast-tracked /app/data/gemtektechnologycoltd2546/3455/b1206p6/lighttpd1.4-3455/doc/outdated/compress.txt (ext=.txt, size=5463)
2025-12-18 05:12:40,710 - Knowledge - INFO - Async storage completed for 4 embeddings
2025-12-18 05:12:41,241 - Knowledge - INFO - [LLM_CALL] Completed: mod_dirlisting.c:chunk3, Duration: 47355ms, PromptTokens: 4334, CompletionTokens: 1390, Cost: $0.00099
2025-12-18 05:12:41,568 - Knowledge - INFO - Async storage completed for 6 embeddings
2025-12-18 05:12:41,599 - Knowledge - INFO - done ingest for /app/data/gemtektechnologycoltd2546/3455/b1206p6/lighttpd1.4-3455/src/mod_dirlisting.c
2025-12-18 05:12:41,704 - Knowledge - INFO - Processing batch of 4 files
2025-12-18 05:12:41,751 - Knowledge - INFO - [LLM_CALL] Completed: fdlog_maint.c:chunk1, Duration: 93021ms, PromptTokens: 7242, CompletionTokens: 1163, Cost: $0.00119
2025-12-18 05:12:41,793 - Knowledge - INFO - Async storing batch of 5 embeddings
2025-12-18 05:12:42,235 - Knowledge - INFO - process ingested knowledge for /app/data/gemtektechnologycoltd2546/3455/b1206p6/lighttpd1.4-3455/doc/outdated/extforward.txt
2025-12-18 05:12:42,474 - Knowledge - INFO - done ingest for /app/data/gemtektechnologycoltd2546/3455/b1206p6/lighttpd1.4-3455/src/fdlog_maint.c
2025-12-18 05:12:42,649 - Knowledge - INFO - Worker kw13 processing /app/data/gemtektechnologycoltd2546/3455/b1206p6/lighttpd1.4-3455/doc/outdated/magnet.txt
2025-12-18 05:12:43,194 - Knowledge - INFO - Processing batch of 4 files
2025-12-18 05:12:43,234 - Knowledge - INFO - [WEBSOCKET] Sent: Type=progress_update, Size: 293, Duration: 0ms
2025-12-18 05:12:43,353 - Knowledge - INFO - process ingested knowledge for /app/data/gemtektechnologycoltd2546/3455/b1206p6/lighttpd1.4-3455/doc/outdated/traffic-shaping.txt
2025-12-18 05:12:43,613 - Knowledge - INFO - Async storage completed for 6 embeddings
2025-12-18 05:12:43,663 - Knowledge - INFO - Fast-tracked /app/data/gemtektechnologycoltd2546/3455/b1206p6/lighttpd1.4-3455/doc/outdated/magnet.txt (ext=.txt, size=12034)
2025-12-18 05:12:43,915 - Knowledge - INFO - process ingested knowledge for /app/data/gemtektechnologycoltd2546/3455/b1206p6/lighttpd1.4-3455/doc/outdated/userdir.txt
2025-12-18 05:12:44,218 - Knowledge - INFO - [LLM_CALL] Completed: log.c:chunk1, Duration: 74457ms, PromptTokens: 8798, CompletionTokens: 1210, Cost: $0.00136
2025-12-18 05:12:44,685 - Knowledge - INFO - Worker kw13 processing /app/data/gemtektechnologycoltd2546/3455/b1206p6/lighttpd1.4-3455/doc/outdated/security.txt
2025-12-18 05:12:45,016 - Knowledge - INFO - process ingested knowledge for /app/data/gemtektechnologycoltd2546/3455/b1206p6/lighttpd1.4-3455/doc/outdated/rrdtool.txt
2025-12-18 05:12:45,073 - Knowledge - INFO - process ingested knowledge for /app/data/gemtektechnologycoltd2546/3455/b1206p6/lighttpd1.4-3455/doc/outdated/status.txt
2025-12-18 05:12:45,148 - Knowledge - INFO - done ingest for /app/data/gemtektechnologycoltd2546/3455/b1206p6/lighttpd1.4-3455/src/log.c
2025-12-18 05:12:45,221 - Knowledge - INFO - [WEBSOCKET] Sent: Type=unknown, Size: ?, Duration: 1988ms
2025-12-18 05:12:45,442 - Knowledge - INFO - Fast-tracked /app/data/gemtektechnologycoltd2546/3455/b1206p6/lighttpd1.4-3455/doc/outdated/security.txt (ext=.txt, size=848)
2025-12-18 05:12:45,527 - Knowledge - INFO - process ingested knowledge for /app/data/gemtektechnologycoltd2546/3455/b1206p6/lighttpd1.4-3455/doc/outdated/scgi.txt
2025-12-18 05:12:45,640 - Knowledge - INFO - process ingested knowledge for /app/data/gemtektechnologycoltd2546/3455/b1206p6/lighttpd1.4-3455/doc/outdated/accesslog.txt
2025-12-18 05:12:46,251 - Knowledge - INFO - Progress: 60.4% | Files: 158/260 | Rate: 0.60 files/sec | Queue: 35
2025-12-18 05:12:46,345 - Knowledge - INFO - [kw4] Queue=35, InProgress=0, PendingWorkers=20/20, Completed=159/260 (61.2%)
2025-12-18 05:12:46,363 - Knowledge - INFO - [LLM_CALL] Completed: cert-staple.sh:chunk1, Duration: 34825ms, PromptTokens: 3046, CompletionTokens: 256, Cost: $0.00041
2025-12-18 05:12:46,505 - Knowledge - INFO - Worker kw13 processing /app/data/gemtektechnologycoltd2546/3455/b1206p6/lighttpd1.4-3455/doc/outdated/configuration.txt
2025-12-18 05:12:47,313 - Knowledge - INFO - Batch sizing: calculated=4, max_allowed=10, queue=35, active_workers=20/20
2025-12-18 05:12:47,632 - Knowledge - INFO - done ingest for /app/data/gemtektechnologycoltd2546/3455/b1206p6/lighttpd1.4-3455/doc/scripts/cert-staple.sh
2025-12-18 05:12:47,848 - Knowledge - INFO - Fast-tracked /app/data/gemtektechnologycoltd2546/3455/b1206p6/lighttpd1.4-3455/doc/outdated/configuration.txt (ext=.txt, size=11868)
2025-12-18 05:12:48,106 - Knowledge - INFO - process ingested knowledge for /app/data/gemtektechnologycoltd2546/3455/b1206p6/lighttpd1.4-3455/doc/outdated/compress.txt
2025-12-18 05:12:48,243 - Knowledge - INFO - [kw12] Queue=35, InProgress=0, PendingWorkers=20/20, Completed=159/260 (61.2%)
2025-12-18 05:12:48,375 - Knowledge - INFO - Async storing batch of 4 embeddings
2025-12-18 05:12:48,591 - Knowledge - INFO - Worker kw13 processing /app/data/gemtektechnologycoltd2546/3455/b1206p6/lighttpd1.4-3455/doc/outdated/authentication.txt
2025-12-18 05:12:49,053 - Knowledge - INFO - Batch sizing: calculated=4, max_allowed=10, queue=35, active_workers=20/20
2025-12-18 05:12:49,442 - Knowledge - INFO - [LLM_CALL] Completed: array.h:chunk1, Duration: 94732ms, PromptTokens: 3116, CompletionTokens: 1308, Cost: $0.00083
2025-12-18 05:12:49,687 - Knowledge - INFO - Worker kw4 processing /app/data/gemtektechnologycoltd2546/3455/b1206p6/lighttpd1.4-3455/doc/outdated/cgi.txt
2025-12-18 05:12:49,829 - Knowledge - INFO - Fast-tracked /app/data/gemtektechnologycoltd2546/3455/b1206p6/lighttpd1.4-3455/doc/outdated/authentication.txt (ext=.txt, size=4165)
2025-12-18 05:12:50,277 - Knowledge - INFO - done ingest for /app/data/gemtektechnologycoltd2546/3455/b1206p6/lighttpd1.4-3455/src/array.h
2025-12-18 05:12:50,500 - Knowledge - INFO - Fast-tracked /app/data/gemtektechnologycoltd2546/3455/b1206p6/lighttpd1.4-3455/doc/outdated/cgi.txt (ext=.txt, size=942)
2025-12-18 05:12:50,613 - Knowledge - INFO - Processing batch of 5 files
2025-12-18 05:12:50,801 - Knowledge - INFO - Async storage completed for 5 embeddings
2025-12-18 05:12:51,431 - Knowledge - INFO - Worker kw4 processing /app/data/gemtektechnologycoltd2546/3455/b1206p6/lighttpd1.4-3455/doc/outdated/simple-vhost.txt
2025-12-18 05:12:51,650 - Knowledge - INFO - process ingested knowledge for /app/data/gemtektechnologycoltd2546/3455/b1206p6/lighttpd1.4-3455/src/algo_md5.c
2025-12-18 05:12:51,720 - Knowledge - INFO - Async storing batch of 4 embeddings
2025-12-18 05:12:52,380 - Knowledge - INFO - Fast-tracked /app/data/gemtektechnologycoltd2546/3455/b1206p6/lighttpd1.4-3455/doc/outdated/simple-vhost.txt (ext=.txt, size=2891)
2025-12-18 05:12:53,005 - Knowledge - INFO - process ingested knowledge for /app/data/gemtektechnologycoltd2546/3455/b1206p6/lighttpd1.4-3455/src/vector.h
2025-12-18 05:12:53,015 - Knowledge - INFO - Processing batch of 4 files
2025-12-18 05:12:53,155 - Knowledge - INFO - Worker kw4 processing /app/data/gemtektechnologycoltd2546/3455/b1206p6/lighttpd1.4-3455/doc/outdated/fastcgi-state.txt
2025-12-18 05:12:53,261 - Knowledge - INFO - Worker kw12 processing /app/data/gemtektechnologycoltd2546/3455/b1206p6/lighttpd1.4-3455/doc/outdated/features.txt
2025-12-18 05:12:53,539 - Knowledge - INFO - process ingested knowledge for /app/data/gemtektechnologycoltd2546/3455/b1206p6/lighttpd1.4-3455/doc/outdated/magnet.txt
2025-12-18 05:12:53,772 - Knowledge - INFO - process ingested knowledge for /app/data/gemtektechnologycoltd2546/3455/b1206p6/lighttpd1.4-3455/src/connections.h
2025-12-18 05:12:53,806 - Knowledge - INFO - Fast-tracked /app/data/gemtektechnologycoltd2546/3455/b1206p6/lighttpd1.4-3455/doc/outdated/fastcgi-state.txt (ext=.txt, size=1041)
2025-12-18 05:12:54,194 - Knowledge - INFO - Fast-tracked /app/data/gemtektechnologycoltd2546/3455/b1206p6/lighttpd1.4-3455/doc/outdated/features.txt (ext=.txt, size=3708)
2025-12-18 05:12:54,795 - Knowledge - INFO - [LLM_CALL] Completed: sock_addr.c:chunk1, Duration: 61705ms, PromptTokens: 13474, CompletionTokens: 1016, Cost: $0.00175
2025-12-18 05:12:54,935 - Knowledge - INFO - Worker kw4 processing /app/data/gemtektechnologycoltd2546/3455/b1206p6/lighttpd1.4-3455/doc/outdated/ssi.txt
2025-12-18 05:12:55,290 - Knowledge - INFO - process ingested knowledge for /app/data/gemtektechnologycoltd2546/3455/b1206p6/lighttpd1.4-3455/doc/outdated/security.txt
2025-12-18 05:12:55,323 - Knowledge - INFO - Worker kw12 processing /app/data/gemtektechnologycoltd2546/3455/b1206p6/lighttpd1.4-3455/doc/outdated/skeleton.txt
2025-12-18 05:12:55,347 - Knowledge - INFO - process ingested knowledge for /app/data/gemtektechnologycoltd2546/3455/b1206p6/lighttpd1.4-3455/src/mod_dirlisting.c
2025-12-18 05:12:55,552 - Knowledge - INFO - done ingest for /app/data/gemtektechnologycoltd2546/3455/b1206p6/lighttpd1.4-3455/src/sock_addr.c
2025-12-18 05:12:55,817 - Knowledge - INFO - [WEBSOCKET] Sent: Type=progress_update, Size: 291, Duration: 0ms
2025-12-18 05:12:56,043 - Knowledge - INFO - Fast-tracked /app/data/gemtektechnologycoltd2546/3455/b1206p6/lighttpd1.4-3455/doc/outdated/ssi.txt (ext=.txt, size=1582)
2025-12-18 05:12:56,319 - Knowledge - INFO - process ingested knowledge for /app/data/gemtektechnologycoltd2546/3455/b1206p6/lighttpd1.4-3455/doc/outdated/configuration.txt
2025-12-18 05:12:56,575 - Knowledge - INFO - Fast-tracked /app/data/gemtektechnologycoltd2546/3455/b1206p6/lighttpd1.4-3455/doc/outdated/skeleton.txt (ext=.txt, size=382)
2025-12-18 05:12:56,756 - Knowledge - INFO - process ingested knowledge for /app/data/gemtektechnologycoltd2546/3455/b1206p6/lighttpd1.4-3455/src/http_status.h
2025-12-18 05:12:57,428 - Knowledge - INFO - [LLM_CALL] Completed: mod_echo.c:chunk1, Duration: 50525ms, PromptTokens: 3172, CompletionTokens: 456, Cost: $0.00050
2025-12-18 05:12:57,622 - Knowledge - INFO - Async storage completed for 4 embeddings
2025-12-18 05:12:57,997 - Knowledge - INFO - process ingested knowledge for /app/data/gemtektechnologycoltd2546/3455/b1206p6/lighttpd1.4-3455/doc/outdated/authentication.txt
2025-12-18 05:12:58,209 - Knowledge - INFO - Worker kw12 processing /app/data/gemtektechnologycoltd2546/3455/b1206p6/lighttpd1.4-3455/doc/outdated/setenv.txt
2025-12-18 05:12:58,896 - Knowledge - INFO - done ingest for /app/data/gemtektechnologycoltd2546/3455/b1206p6/lighttpd1.4-3455/src/mod_echo.c
2025-12-18 05:12:59,044 - Knowledge - INFO - [WEBSOCKET] Sent: Type=unknown, Size: ?, Duration: 3227ms
2025-12-18 05:12:59,860 - Knowledge - INFO - Fast-tracked /app/data/gemtektechnologycoltd2546/3455/b1206p6/lighttpd1.4-3455/doc/outdated/setenv.txt (ext=.txt, size=692)
2025-12-18 05:13:00,262 - Knowledge - INFO - Progress: 64.2% | Files: 171/260 | Rate: 0.62 files/sec | Queue: 27
2025-12-18 05:13:00,409 - Knowledge - INFO - [LLM_CALL] Completed: packdist.sh:chunk1, Duration: 25330ms, PromptTokens: 5850, CompletionTokens: 59, Cost: $0.00061
2025-12-18 05:13:00,576 - Knowledge - INFO - Worker kw12 processing /app/data/gemtektechnologycoltd2546/3455/b1206p6/lighttpd1.4-3455/doc/outdated/expire.txt
2025-12-18 05:13:01,870 - Knowledge - INFO - done ingest for /app/data/gemtektechnologycoltd2546/3455/b1206p6/lighttpd1.4-3455/packdist.sh
2025-12-18 05:13:01,925 - Knowledge - INFO - [LLM_CALL] Completed: create-mime.conf.pl:chunk1, Duration: 38602ms, PromptTokens: 5236, CompletionTokens: 289, Cost: $0.00064
2025-12-18 05:13:02,297 - Knowledge - INFO - Fast-tracked /app/data/gemtektechnologycoltd2546/3455/b1206p6/lighttpd1.4-3455/doc/outdated/expire.txt (ext=.txt, size=1018)
2025-12-18 05:13:02,572 - Knowledge - INFO - done ingest for /app/data/gemtektechnologycoltd2546/3455/b1206p6/lighttpd1.4-3455/doc/scripts/create-mime.conf.pl
2025-12-18 05:13:02,766 - Knowledge - INFO - Async storage completed for 4 embeddings
2025-12-18 05:13:02,781 - Knowledge - INFO - [LLM_CALL] Completed: mod_simple_vhost.c:chunk1, Duration: 89118ms, PromptTokens: 4384, CompletionTokens: 636, Cost: $0.00069
2025-12-18 05:13:03,451 - Knowledge - INFO - [kw1] Queue=27, InProgress=0, PendingWorkers=20/20, Completed=174/260 (66.9%)
2025-12-18 05:13:03,602 - Knowledge - INFO - done ingest for /app/data/gemtektechnologycoltd2546/3455/b1206p6/lighttpd1.4-3455/src/mod_simple_vhost.c
2025-12-18 05:13:03,782 - Knowledge - INFO - Processing batch of 4 files
2025-12-18 05:13:03,788 - Knowledge - INFO - [WEBSOCKET] Sent: Type=progress_update, Size: 292, Duration: 0ms
2025-12-18 05:13:03,920 - Knowledge - INFO - Batch sizing: calculated=4, max_allowed=10, queue=27, active_workers=20/20
2025-12-18 05:13:04,587 - Knowledge - INFO - process ingested knowledge for /app/data/gemtektechnologycoltd2546/3455/b1206p6/lighttpd1.4-3455/doc/outdated/cgi.txt
2025-12-18 05:13:04,937 - Knowledge - INFO - [WEBSOCKET] Sent: Type=unknown, Size: ?, Duration: 1149ms
2025-12-18 05:13:05,890 - Knowledge - INFO - Progress: 66.9% | Files: 179/260 | Rate: 0.63 files/sec | Queue: 27
2025-12-18 05:13:07,282 - Knowledge - INFO - Async storing batch of 4 embeddings
2025-12-18 05:13:07,284 - Knowledge - INFO - process ingested knowledge for /app/data/gemtektechnologycoltd2546/3455/b1206p6/lighttpd1.4-3455/doc/outdated/simple-vhost.txt
2025-12-18 05:13:07,360 - Knowledge - INFO - Processing batch of 5 files
2025-12-18 05:13:07,512 - Knowledge - INFO - Worker kw1 processing /app/data/gemtektechnologycoltd2546/3455/b1206p6/lighttpd1.4-3455/doc/outdated/webdav.txt
2025-12-18 05:13:07,885 - Knowledge - INFO - process ingested knowledge for /app/data/gemtektechnologycoltd2546/3455/b1206p6/lighttpd1.4-3455/src/stat_cache.h
2025-12-18 05:13:08,032 - Knowledge - INFO - [kw16] Queue=23, InProgress=0, PendingWorkers=20/20, Completed=182/260 (70.0%)
2025-12-18 05:13:08,056 - Knowledge - INFO - Processing batch of 4 files
2025-12-18 05:13:08,121 - Knowledge - INFO - [LLM_CALL] Completed: buffer.c:chunk1, Duration: 71214ms, PromptTokens: 26360, CompletionTokens: 646, Cost: $0.00289
2025-12-18 05:13:08,526 - Knowledge - INFO - Fast-tracked /app/data/gemtektechnologycoltd2546/3455/b1206p6/lighttpd1.4-3455/doc/outdated/webdav.txt (ext=.txt, size=1291)
2025-12-18 05:13:08,983 - Knowledge - INFO - Batch sizing: calculated=4, max_allowed=10, queue=23, active_workers=20/20
2025-12-18 05:13:09,063 - Knowledge - INFO - process ingested knowledge for /app/data/gemtektechnologycoltd2546/3455/b1206p6/lighttpd1.4-3455/doc/outdated/features.txt
2025-12-18 05:13:09,193 - Knowledge - INFO - process ingested knowledge for /app/data/gemtektechnologycoltd2546/3455/b1206p6/lighttpd1.4-3455/doc/outdated/fastcgi-state.txt
2025-12-18 05:13:09,321 - Knowledge - INFO - process ingested knowledge for /app/data/gemtektechnologycoltd2546/3455/b1206p6/lighttpd1.4-3455/src/plugin.h
2025-12-18 05:13:09,856 - Knowledge - INFO - done ingest for /app/data/gemtektechnologycoltd2546/3455/b1206p6/lighttpd1.4-3455/src/buffer.c
2025-12-18 05:13:10,206 - Knowledge - INFO - Worker kw1 processing /app/data/gemtektechnologycoltd2546/3455/b1206p6/lighttpd1.4-3455/doc/outdated/evhost.txt
2025-12-18 05:13:10,288 - Knowledge - INFO - Processing batch of 4 files
2025-12-18 05:13:10,389 - Knowledge - INFO - [kw13] Queue=23, InProgress=0, PendingWorkers=20/20, Completed=186/260 (71.5%)
2025-12-18 05:13:10,411 - Knowledge - INFO - [WEBSOCKET] Sent: Type=progress_update, Size: 293, Duration: 260ms
2025-12-18 05:13:10,794 - Knowledge - INFO - process ingested knowledge for /app/data/gemtektechnologycoltd2546/3455/b1206p6/lighttpd1.4-3455/doc/outdated/skeleton.txt
2025-12-18 05:13:10,982 - Knowledge - INFO - process ingested knowledge for /app/data/gemtektechnologycoltd2546/3455/b1206p6/lighttpd1.4-3455/doc/outdated/ssi.txt
2025-12-18 05:13:11,328 - Knowledge - INFO - process ingested knowledge for /app/data/gemtektechnologycoltd2546/3455/b1206p6/lighttpd1.4-3455/src/fdlog_maint.c
2025-12-18 05:13:12,106 - Knowledge - INFO - Fast-tracked /app/data/gemtektechnologycoltd2546/3455/b1206p6/lighttpd1.4-3455/doc/outdated/evhost.txt (ext=.txt, size=851)
2025-12-18 05:13:12,222 - Knowledge - INFO - process ingested knowledge for /app/data/gemtektechnologycoltd2546/3455/b1206p6/lighttpd1.4-3455/doc/scripts/rrdtool-graph.sh
2025-12-18 05:13:12,460 - Knowledge - INFO - Batch sizing: calculated=4, max_allowed=10, queue=23, active_workers=20/20
2025-12-18 05:13:12,665 - Knowledge - INFO - Processing batch of 4 files
2025-12-18 05:13:12,675 - Knowledge - INFO - [LLM_CALL] Completed: mod_deflate.c:chunk2, Duration: 61155ms, PromptTokens: 21804, CompletionTokens: 1114, Cost: $0.00263
2025-12-18 05:13:12,681 - Knowledge - INFO - Async storing batch of 4 embeddings
2025-12-18 05:13:12,722 - Knowledge - INFO - process ingested knowledge for /app/data/gemtektechnologycoltd2546/3455/b1206p6/lighttpd1.4-3455/doc/outdated/setenv.txt
2025-12-18 05:13:13,353 - Knowledge - INFO - Worker kw1 processing /app/data/gemtektechnologycoltd2546/3455/b1206p6/lighttpd1.4-3455/doc/outdated/dirlisting.txt
2025-12-18 05:13:13,780 - Knowledge - INFO - process ingested knowledge for /app/data/gemtektechnologycoltd2546/3455/b1206p6/lighttpd1.4-3455/src/mod_auth_api.c
2025-12-18 05:13:13,786 - Knowledge - INFO - process ingested knowledge for /app/data/gemtektechnologycoltd2546/3455/b1206p6/lighttpd1.4-3455/src/mod_setenv.c
2025-12-18 05:13:13,887 - Knowledge - INFO - process ingested knowledge for /app/data/gemtektechnologycoltd2546/3455/b1206p6/lighttpd1.4-3455/doc/scripts/cert-staple.sh
2025-12-18 05:13:14,072 - Knowledge - INFO - [WEBSOCKET] Sent: Type=unknown, Size: ?, Duration: 4102ms
2025-12-18 05:13:14,411 - Knowledge - INFO - Worker kw16 processing /app/data/gemtektechnologycoltd2546/3455/b1206p6/lighttpd1.4-3455/doc/outdated/state.txt
2025-12-18 05:13:14,839 - Knowledge - INFO - Fast-tracked /app/data/gemtektechnologycoltd2546/3455/b1206p6/lighttpd1.4-3455/doc/outdated/dirlisting.txt (ext=.txt, size=3019)
2025-12-18 05:13:15,058 - Knowledge - INFO - process ingested knowledge for /app/data/gemtektechnologycoltd2546/3455/b1206p6/lighttpd1.4-3455/doc/outdated/expire.txt
2025-12-18 05:13:15,132 - Knowledge - INFO - process ingested knowledge for /app/data/gemtektechnologycoltd2546/3455/b1206p6/lighttpd1.4-3455/src/sock_addr.c
2025-12-18 05:13:15,482 - Knowledge - INFO - process ingested knowledge for /app/data/gemtektechnologycoltd2546/3455/b1206p6/lighttpd1.4-3455/src/array.h
2025-12-18 05:13:15,764 - Knowledge - INFO - Progress: 71.2% | Files: 186/260 | Rate: 0.64 files/sec | Queue: 15
2025-12-18 05:13:15,847 - Knowledge - INFO - [LLM_CALL] Completed: mod_authn_pam.c:chunk1, Duration: 96709ms, PromptTokens: 4380, CompletionTokens: 643, Cost: $0.00070
2025-12-18 05:13:16,063 - Knowledge - INFO - Fast-tracked /app/data/gemtektechnologycoltd2546/3455/b1206p6/lighttpd1.4-3455/doc/outdated/state.txt (ext=.txt, size=4175)
2025-12-18 05:13:16,257 - Knowledge - INFO - process ingested knowledge for /app/data/gemtektechnologycoltd2546/3455/b1206p6/lighttpd1.4-3455/doc/scripts/create-mime.conf.pl
2025-12-18 05:13:16,591 - Knowledge - INFO - Worker kw1 processing /app/data/gemtektechnologycoltd2546/3455/b1206p6/lighttpd1.4-3455/doc/outdated/fastcgi.txt
2025-12-18 05:13:17,495 - Knowledge - INFO - process ingested knowledge for /app/data/gemtektechnologycoltd2546/3455/b1206p6/lighttpd1.4-3455/src/base_decls.h
2025-12-18 05:13:17,677 - Knowledge - INFO - done ingest for /app/data/gemtektechnologycoltd2546/3455/b1206p6/lighttpd1.4-3455/src/mod_authn_pam.c
2025-12-18 05:13:17,714 - Knowledge - INFO - Async storing batch of 4 embeddings
2025-12-18 05:13:17,778 - Knowledge - INFO - [LLM_CALL] Completed: network.c:chunk1, Duration: 81222ms, PromptTokens: 20126, CompletionTokens: 1933, Cost: $0.00279
2025-12-18 05:13:17,849 - Knowledge - INFO - Worker kw16 processing /app/data/gemtektechnologycoltd2546/3455/b1206p6/lighttpd1.4-3455/doc/initscripts.txt
2025-12-18 05:13:18,337 - Knowledge - INFO - [kw10] Queue=15, InProgress=0, PendingWorkers=20/20, Completed=186/260 (71.5%)
2025-12-18 05:13:18,363 - Knowledge - INFO - process ingested knowledge for /app/data/gemtektechnologycoltd2546/3455/b1206p6/lighttpd1.4-3455/doc/newstyle.css
2025-12-18 05:13:18,505 - Knowledge - INFO - Fast-tracked /app/data/gemtektechnologycoltd2546/3455/b1206p6/lighttpd1.4-3455/doc/outdated/fastcgi.txt (ext=.txt, size=17150)
2025-12-18 05:13:19,079 - Knowledge - INFO - Worker kw13 processing /app/data/gemtektechnologycoltd2546/3455/b1206p6/lighttpd1.4-3455/CMakeLists.txt
2025-12-18 05:13:19,092 - Knowledge - INFO - done ingest for /app/data/gemtektechnologycoltd2546/3455/b1206p6/lighttpd1.4-3455/src/network.c
2025-12-18 05:13:19,111 - Knowledge - INFO - [LLM_CALL] Completed: mod_cgi.c:chunk1, Duration: 95651ms, PromptTokens: 26750, CompletionTokens: 2882, Cost: $0.00383
2025-12-18 05:13:19,333 - Knowledge - INFO - Fast-tracked /app/data/gemtektechnologycoltd2546/3455/b1206p6/lighttpd1.4-3455/doc/initscripts.txt (ext=.txt, size=1732)
2025-12-18 05:13:19,405 - Knowledge - INFO - Batch sizing: calculated=4, max_allowed=10, queue=15, active_workers=20/20
2025-12-18 05:13:19,469 - Knowledge - WARNING - Timeout processing /app/data/gemtektechnologycoltd2546/3455/b1206p6/lighttpd1.4-3455/src/mod_deflate.c after 90s - using fallback metadata
2025-12-18 05:13:19,729 - Knowledge - INFO - process ingested knowledge for /app/data/gemtektechnologycoltd2546/3455/b1206p6/lighttpd1.4-3455/src/burl.h
2025-12-18 05:13:19,883 - Knowledge - INFO - Async storage completed for 4 embeddings
2025-12-18 05:13:20,064 - Knowledge - INFO - Fast-tracked /app/data/gemtektechnologycoltd2546/3455/b1206p6/lighttpd1.4-3455/CMakeLists.txt (ext=.txt, size=836)
2025-12-18 05:13:20,348 - Knowledge - INFO - done ingest for /app/data/gemtektechnologycoltd2546/3455/b1206p6/lighttpd1.4-3455/src/mod_cgi.c
2025-12-18 05:13:20,379 - Knowledge - INFO - [LLM_CALL] Completed: reqpool.c:chunk1, Duration: 101410ms, PromptTokens: 6186, CompletionTokens: 585, Cost: $0.00085
2025-12-18 05:13:20,497 - Knowledge - INFO - Worker kw16 processing /app/data/gemtektechnologycoltd2546/3455/b1206p6/lighttpd1.4-3455/doc/CMakeLists.txt
2025-12-18 05:13:21,380 - Knowledge - INFO - Worker kw13 processing /app/data/gemtektechnologycoltd2546/3455/b1206p6/lighttpd1.4-3455/tests/mod-fastcgi.t
2025-12-18 05:13:21,722 - Knowledge - INFO - done ingest for /app/data/gemtektechnologycoltd2546/3455/b1206p6/lighttpd1.4-3455/src/reqpool.c
2025-12-18 05:13:21,742 - Knowledge - INFO - [LLM_CALL] Completed: chunk.h:chunk1, Duration: 74820ms, PromptTokens: 5058, CompletionTokens: 940, Cost: $0.00088
2025-12-18 05:13:21,881 - Knowledge - INFO - Fast-tracked /app/data/gemtektechnologycoltd2546/3455/b1206p6/lighttpd1.4-3455/doc/CMakeLists.txt (ext=.txt, size=87)
2025-12-18 05:13:22,068 - Knowledge - INFO - Fast-tracked /app/data/gemtektechnologycoltd2546/3455/b1206p6/lighttpd1.4-3455/tests/mod-fastcgi.t (ext=.t, size=6958)
2025-12-18 05:13:22,396 - Knowledge - INFO - done ingest for /app/data/gemtektechnologycoltd2546/3455/b1206p6/lighttpd1.4-3455/src/chunk.h
2025-12-18 05:13:22,429 - Knowledge - INFO - Async storing batch of 5 embeddings
2025-12-18 05:13:22,505 - Knowledge - INFO - [LLM_CALL] Completed: gw_backend.h:chunk1, Duration: 77255ms, PromptTokens: 5698, CompletionTokens: 946, Cost: $0.00095
2025-12-18 05:13:22,526 - Knowledge - INFO - [kw4] Queue=11, InProgress=0, PendingWorkers=20/20, Completed=189/260 (72.7%)
2025-12-18 05:13:22,605 - Knowledge - INFO - Worker kw16 processing /app/data/gemtektechnologycoltd2546/3455/b1206p6/lighttpd1.4-3455/doc/oldstyle.css
2025-12-18 05:13:22,726 - Knowledge - INFO - Worker kw13 processing /app/data/gemtektechnologycoltd2546/3455/b1206p6/lighttpd1.4-3455/tests/prepare.sh
2025-12-18 05:13:23,755 - Knowledge - INFO - Worker kw10 processing /app/data/gemtektechnologycoltd2546/3455/b1206p6/lighttpd1.4-3455/tests/docroot/404.pl
2025-12-18 05:13:23,898 - Knowledge - INFO - done ingest for /app/data/gemtektechnologycoltd2546/3455/b1206p6/lighttpd1.4-3455/src/gw_backend.h
2025-12-18 05:13:24,068 - Knowledge - INFO - Batch sizing: calculated=4, max_allowed=10, queue=11, active_workers=20/20
2025-12-18 05:13:24,120 - Knowledge - WARNING - Timeout processing /app/data/gemtektechnologycoltd2546/3455/b1206p6/lighttpd1.4-3455/src/http_chunk.c after 90s - using fallback metadata
2025-12-18 05:13:24,217 - Knowledge - INFO - Fast-tracked /app/data/gemtektechnologycoltd2546/3455/b1206p6/lighttpd1.4-3455/doc/oldstyle.css (ext=.css, size=377)
2025-12-18 05:13:24,504 - Knowledge - INFO - Fast-tracked /app/data/gemtektechnologycoltd2546/3455/b1206p6/lighttpd1.4-3455/tests/prepare.sh (ext=.sh, size=2622)
2025-12-18 05:13:24,654 - Knowledge - INFO - Fast-tracked /app/data/gemtektechnologycoltd2546/3455/b1206p6/lighttpd1.4-3455/tests/docroot/404.pl (ext=.pl, size=1191)
2025-12-18 05:13:25,161 - Knowledge - INFO - Async storage completed for 4 embeddings
2025-12-18 05:13:25,249 - Knowledge - INFO - Worker kw13 processing /app/data/gemtektechnologycoltd2546/3455/b1206p6/lighttpd1.4-3455/tests/LightyTest.pm
2025-12-18 05:13:25,428 - Knowledge - INFO - [WEBSOCKET] Sent: Type=progress_update, Size: 292, Duration: 0ms
2025-12-18 05:13:25,453 - Knowledge - INFO - Worker kw10 processing /app/data/gemtektechnologycoltd2546/3455/b1206p6/lighttpd1.4-3455/tests/docroot/index.txt
2025-12-18 05:13:25,793 - Knowledge - INFO - Fast-tracked /app/data/gemtektechnologycoltd2546/3455/b1206p6/lighttpd1.4-3455/tests/LightyTest.pm (ext=.pm, size=15839)
2025-12-18 05:13:26,037 - Knowledge - INFO - Fast-tracked /app/data/gemtektechnologycoltd2546/3455/b1206p6/lighttpd1.4-3455/tests/docroot/index.txt (ext=.txt, size=4348)
2025-12-18 05:13:26,041 - Knowledge - INFO - Processing batch of 4 files
2025-12-18 05:13:26,058 - Knowledge - INFO - [WEBSOCKET] Sent: Type=unknown, Size: ?, Duration: 630ms
2025-12-18 05:13:26,146 - Knowledge - INFO - Async storage completed for 4 embeddings
2025-12-18 05:13:26,361 - Knowledge - INFO - Worker kw10 processing /app/data/gemtektechnologycoltd2546/3455/b1206p6/lighttpd1.4-3455/tests/docroot/cgi.pl
2025-12-18 05:13:26,475 - Knowledge - INFO - process ingested knowledge for /app/data/gemtektechnologycoltd2546/3455/b1206p6/lighttpd1.4-3455/doc/outdated/webdav.txt
2025-12-18 05:13:26,668 - Knowledge - INFO - Progress: 75.0% | Files: 200/260 | Rate: 0.65 files/sec | Queue: 7
2025-12-18 05:13:26,681 - Knowledge - INFO - Async storing batch of 4 embeddings
2025-12-18 05:13:26,713 - Knowledge - INFO - [kw8] Queue=7, InProgress=0, PendingWorkers=20/20, Completed=203/260 (78.1%)
2025-12-18 05:13:26,753 - Knowledge - INFO - [LLM_CALL] Completed: keyvalue.c:chunk1, Duration: 81415ms, PromptTokens: 12372, CompletionTokens: 818, Cost: $0.00156
2025-12-18 05:13:27,202 - Knowledge - INFO - Fast-tracked /app/data/gemtektechnologycoltd2546/3455/b1206p6/lighttpd1.4-3455/tests/docroot/cgi.pl (ext=.pl, size=2894)
2025-12-18 05:13:27,297 - Knowledge - INFO - process ingested knowledge for /app/data/gemtektechnologycoltd2546/3455/b1206p6/lighttpd1.4-3455/doc/outdated/evhost.txt
2025-12-18 05:13:27,811 - Knowledge - INFO - Worker kw4 processing /app/data/gemtektechnologycoltd2546/3455/b1206p6/lighttpd1.4-3455/tests/docroot/index.html
2025-12-18 05:13:27,849 - Knowledge - INFO - [kw12] Queue=7, InProgress=0, PendingWorkers=20/20, Completed=210/260 (80.8%)
2025-12-18 05:13:27,967 - Knowledge - INFO - Batch sizing: calculated=4, max_allowed=10, queue=7, active_workers=20/20
2025-12-18 05:13:28,365 - Knowledge - INFO - done ingest for /app/data/gemtektechnologycoltd2546/3455/b1206p6/lighttpd1.4-3455/src/keyvalue.c
2025-12-18 05:13:28,479 - Knowledge - INFO - Worker kw10 processing /app/data/gemtektechnologycoltd2546/3455/b1206p6/lighttpd1.4-3455/tests/docroot/404.html
2025-12-18 05:13:28,547 - Knowledge - INFO - Processing batch of 4 files
2025-12-18 05:13:28,595 - Knowledge - INFO - [LLM_CALL] Completed: lsxpack_header.h:chunk1, Duration: 103310ms, PromptTokens: 3688, CompletionTokens: 582, Cost: $0.00060
2025-12-18 05:13:28,637 - Knowledge - INFO - process ingested knowledge for /app/data/gemtektechnologycoltd2546/3455/b1206p6/lighttpd1.4-3455/doc/outdated/dirlisting.txt
2025-12-18 05:13:28,855 - Knowledge - INFO - Fast-tracked /app/data/gemtektechnologycoltd2546/3455/b1206p6/lighttpd1.4-3455/tests/docroot/index.html (ext=.html, size=4348)
2025-12-18 05:13:29,065 - Knowledge - INFO - Batch sizing: calculated=4, max_allowed=10, queue=7, active_workers=20/20
2025-12-18 05:13:29,626 - Knowledge - INFO - Fast-tracked /app/data/gemtektechnologycoltd2546/3455/b1206p6/lighttpd1.4-3455/tests/docroot/404.html (ext=.html, size=17)
2025-12-18 05:13:29,713 - Knowledge - INFO - process ingested knowledge for /app/data/gemtektechnologycoltd2546/3455/b1206p6/lighttpd1.4-3455/doc/outdated/state.txt
2025-12-18 05:13:30,153 - Knowledge - INFO - done ingest for /app/data/gemtektechnologycoltd2546/3455/b1206p6/lighttpd1.4-3455/src/ls-hpack/lsxpack_header.h
2025-12-18 05:13:30,161 - Knowledge - INFO - Processing batch of 4 files
2025-12-18 05:13:30,213 - Knowledge - INFO - [kw11] Queue=3, InProgress=0, PendingWorkers=20/20, Completed=211/260 (81.2%)
2025-12-18 05:13:30,269 - Knowledge - INFO - Processing batch of 4 files
2025-12-18 05:13:30,307 - Knowledge - INFO - process ingested knowledge for /app/data/gemtektechnologycoltd2546/3455/b1206p6/lighttpd1.4-3455/doc/outdated/fastcgi.txt
2025-12-18 05:13:30,307 - Knowledge - INFO - [LLM_CALL] Completed: mod_expire.c:chunk1, Duration: 120324ms, PromptTokens: 6960, CompletionTokens: 705, Cost: $0.00098
2025-12-18 05:13:30,400 - Knowledge - INFO - Worker kw4 processing /app/data/gemtektechnologycoltd2546/3455/b1206p6/lighttpd1.4-3455/tests/wrapper.sh
2025-12-18 05:13:30,703 - Knowledge - INFO - Async storage completed for 5 embeddings
2025-12-18 05:13:30,837 - Knowledge - INFO - process ingested knowledge for /app/data/gemtektechnologycoltd2546/3455/b1206p6/lighttpd1.4-3455/doc/initscripts.txt
2025-12-18 05:13:31,057 - Knowledge - INFO - process ingested knowledge for /app/data/gemtektechnologycoltd2546/3455/b1206p6/lighttpd1.4-3455/CMakeLists.txt
2025-12-18 05:13:31,348 - Knowledge - INFO - Batch sizing: calculated=3, max_allowed=10, queue=3, active_workers=20/20
2025-12-18 05:13:31,464 - Knowledge - INFO - process ingested knowledge for /app/data/gemtektechnologycoltd2546/3455/b1206p6/lighttpd1.4-3455/src/rand.h
2025-12-18 05:13:31,893 - Knowledge - INFO - done ingest for /app/data/gemtektechnologycoltd2546/3455/b1206p6/lighttpd1.4-3455/src/mod_expire.c
2025-12-18 05:13:31,921 - Knowledge - INFO - [WEBSOCKET] Sent: Type=progress_update, Size: 293, Duration: 1724ms
2025-12-18 05:13:32,024 - Knowledge - INFO - Fast-tracked /app/data/gemtektechnologycoltd2546/3455/b1206p6/lighttpd1.4-3455/tests/wrapper.sh (ext=.sh, size=121)
2025-12-18 05:13:32,877 - Knowledge - INFO - process ingested knowledge for /app/data/gemtektechnologycoltd2546/3455/b1206p6/lighttpd1.4-3455/doc/CMakeLists.txt
2025-12-18 05:13:32,879 - Knowledge - INFO - process ingested knowledge for /app/data/gemtektechnologycoltd2546/3455/b1206p6/lighttpd1.4-3455/tests/mod-fastcgi.t
2025-12-18 05:13:32,902 - Knowledge - INFO - process ingested knowledge for /app/data/gemtektechnologycoltd2546/3455/b1206p6/lighttpd1.4-3455/src/mod_mbedtls.c
2025-12-18 05:13:33,098 - Knowledge - INFO - Async storing batch of 5 embeddings
2025-12-18 05:13:33,100 - Knowledge - INFO - Async storing batch of 4 embeddings
2025-12-18 05:13:33,183 - Knowledge - INFO - Worker kw4 processing /app/data/gemtektechnologycoltd2546/3455/b1206p6/lighttpd1.4-3455/tests/scgi-responder.c
2025-12-18 05:13:33,184 - Knowledge - INFO - [LLM_CALL] Completed: mod_vhostdb_mysql.c:chunk1, Duration: 69846ms, PromptTokens: 6298, CompletionTokens: 750, Cost: $0.00093
2025-12-18 05:13:33,686 - Knowledge - INFO - process ingested knowledge for /app/data/gemtektechnologycoltd2546/3455/b1206p6/lighttpd1.4-3455/doc/oldstyle.css
2025-12-18 05:13:33,730 - Knowledge - INFO - process ingested knowledge for /app/data/gemtektechnologycoltd2546/3455/b1206p6/lighttpd1.4-3455/src/config.h.cmake
2025-12-18 05:13:33,795 - Knowledge - INFO - Worker kw8 processing /app/data/gemtektechnologycoltd2546/3455/b1206p6/lighttpd1.4-3455/tests/cleanup.sh
2025-12-18 05:13:33,803 - Knowledge - INFO - process ingested knowledge for /app/data/gemtektechnologycoltd2546/3455/b1206p6/lighttpd1.4-3455/tests/prepare.sh
2025-12-18 05:13:33,887 - Knowledge - INFO - Worker kw12 processing /app/data/gemtektechnologycoltd2546/3455/b1206p6/lighttpd1.4-3455/tests/core-condition.t
2025-12-18 05:13:34,113 - Knowledge - INFO - Fast-tracked /app/data/gemtektechnologycoltd2546/3455/b1206p6/lighttpd1.4-3455/tests/scgi-responder.c (ext=.c, size=8469)
2025-12-18 05:13:34,251 - Knowledge - INFO - done ingest for /app/data/gemtektechnologycoltd2546/3455/b1206p6/lighttpd1.4-3455/src/mod_vhostdb_mysql.c
2025-12-18 05:13:34,260 - Knowledge - INFO - [LLM_CALL] Completed: ck.c:chunk1, Duration: 65192ms, PromptTokens: 7452, CompletionTokens: 783, Cost: $0.00106
2025-12-18 05:13:34,735 - Knowledge - INFO - Fast-tracked /app/data/gemtektechnologycoltd2546/3455/b1206p6/lighttpd1.4-3455/tests/cleanup.sh (ext=.sh, size=220)
2025-12-18 05:13:35,058 - Knowledge - INFO - Fast-tracked /app/data/gemtektechnologycoltd2546/3455/b1206p6/lighttpd1.4-3455/tests/core-condition.t (ext=.t, size=4259)
2025-12-18 05:13:35,092 - Knowledge - INFO - process ingested knowledge for /app/data/gemtektechnologycoltd2546/3455/b1206p6/lighttpd1.4-3455/src/network.c
2025-12-18 05:13:35,098 - Knowledge - INFO - process ingested knowledge for /app/data/gemtektechnologycoltd2546/3455/b1206p6/lighttpd1.4-3455/tests/LightyTest.pm
2025-12-18 05:13:35,236 - Knowledge - INFO - Worker kw4 processing /app/data/gemtektechnologycoltd2546/3455/b1206p6/lighttpd1.4-3455/tests/CMakeLists.txt
2025-12-18 05:13:35,494 - Knowledge - INFO - done ingest for /app/data/gemtektechnologycoltd2546/3455/b1206p6/lighttpd1.4-3455/src/ck.c
2025-12-18 05:13:35,594 - Knowledge - INFO - Worker kw8 processing /app/data/gemtektechnologycoltd2546/3455/b1206p6/lighttpd1.4-3455/tests/fcgi-responder.c
2025-12-18 05:13:35,600 - Knowledge - INFO - Processing batch of 4 files
2025-12-18 05:13:35,627 - Knowledge - INFO - [WEBSOCKET] Sent: Type=unknown, Size: ?, Duration: 5430ms
2025-12-18 05:13:35,882 - Knowledge - INFO - Worker kw12 processing /app/data/gemtektechnologycoltd2546/3455/b1206p6/lighttpd1.4-3455/tests/run-tests.pl
2025-12-18 05:13:36,307 - Knowledge - INFO - Fast-tracked /app/data/gemtektechnologycoltd2546/3455/b1206p6/lighttpd1.4-3455/tests/CMakeLists.txt (ext=.txt, size=815)
2025-12-18 05:13:36,654 - Knowledge - INFO - Fast-tracked /app/data/gemtektechnologycoltd2546/3455/b1206p6/lighttpd1.4-3455/tests/fcgi-responder.c (ext=.c, size=14384)
2025-12-18 05:13:36,925 - Knowledge - INFO - process ingested knowledge for /app/data/gemtektechnologycoltd2546/3455/b1206p6/lighttpd1.4-3455/tests/docroot/404.pl
2025-12-18 05:13:37,142 - Knowledge - INFO - Progress: 81.2% | Files: 220/260 | Rate: 0.70 files/sec | Queue: 0
2025-12-18 05:13:37,201 - Knowledge - INFO - Processing batch of 4 files
2025-12-18 05:13:37,578 - Knowledge - INFO - Fast-tracked /app/data/gemtektechnologycoltd2546/3455/b1206p6/lighttpd1.4-3455/tests/run-tests.pl (ext=.pl, size=482)
2025-12-18 05:13:37,668 - Knowledge - INFO - Async storage completed for 4 embeddings
2025-12-18 05:13:37,797 - Knowledge - INFO - Worker kw8 processing /app/data/gemtektechnologycoltd2546/3455/b1206p6/lighttpd1.4-3455/tests/mod-scgi.t
2025-12-18 05:13:37,978 - Knowledge - INFO - [LLM_CALL] Completed: mod_authn_file.c:chunk1, Duration: 81309ms, PromptTokens: 15328, CompletionTokens: 600, Cost: $0.00177
2025-12-18 05:13:38,403 - Knowledge - INFO - process ingested knowledge for /app/data/gemtektechnologycoltd2546/3455/b1206p6/lighttpd1.4-3455/src/mod_cgi.c
2025-12-18 05:13:38,570 - Knowledge - INFO - Worker kw12 processing /app/data/gemtektechnologycoltd2546/3455/b1206p6/lighttpd1.4-3455/meson_options.txt
2025-12-18 05:13:38,823 - Knowledge - INFO - Fast-tracked /app/data/gemtektechnologycoltd2546/3455/b1206p6/lighttpd1.4-3455/tests/mod-scgi.t (ext=.t, size=3204)
2025-12-18 05:13:38,985 - Knowledge - INFO - done ingest for /app/data/gemtektechnologycoltd2546/3455/b1206p6/lighttpd1.4-3455/src/mod_authn_file.c
2025-12-18 05:13:39,282 - Knowledge - INFO - Processing batch of 5 files
2025-12-18 05:13:39,319 - Knowledge - INFO - Processing batch of 4 files
2025-12-18 05:13:39,327 - Knowledge - INFO - Fast-tracked /app/data/gemtektechnologycoltd2546/3455/b1206p6/lighttpd1.4-3455/meson_options.txt (ext=.txt, size=4592)
2025-12-18 05:13:39,355 - Knowledge - INFO - [WEBSOCKET] Sent: Type=progress_update, Size: 293, Duration: 0ms
2025-12-18 05:13:39,459 - Knowledge - INFO - Worker kw8 processing /app/data/gemtektechnologycoltd2546/3455/b1206p6/lighttpd1.4-3455/tests/request.t
2025-12-18 05:13:39,528 - Knowledge - INFO - process ingested knowledge for /app/data/gemtektechnologycoltd2546/3455/b1206p6/lighttpd1.4-3455/tests/docroot/index.txt
2025-12-18 05:13:39,712 - Knowledge - INFO - process ingested knowledge for /app/data/gemtektechnologycoltd2546/3455/b1206p6/lighttpd1.4-3455/src/http_date.h
2025-12-18 05:13:39,801 - Knowledge - INFO - process ingested knowledge for /app/data/gemtektechnologycoltd2546/3455/b1206p6/lighttpd1.4-3455/src/lighttpd-angel.c
2025-12-18 05:13:40,001 - Knowledge - INFO - process ingested knowledge for /app/data/gemtektechnologycoltd2546/3455/b1206p6/lighttpd1.4-3455/src/buffer.c
2025-12-18 05:13:40,142 - Knowledge - INFO - Async storage completed for 4 embeddings
2025-12-18 05:13:40,374 - Knowledge - INFO - [WEBSOCKET] Sent: Type=unknown, Size: ?, Duration: 1062ms
2025-12-18 05:13:40,518 - Knowledge - INFO - Fast-tracked /app/data/gemtektechnologycoltd2546/3455/b1206p6/lighttpd1.4-3455/tests/request.t (ext=.t, size=53139)
2025-12-18 05:13:40,761 - Knowledge - INFO - process ingested knowledge for /app/data/gemtektechnologycoltd2546/3455/b1206p6/lighttpd1.4-3455/tests/docroot/cgi.pl
2025-12-18 05:13:40,808 - Knowledge - INFO - process ingested knowledge for /app/data/gemtektechnologycoltd2546/3455/b1206p6/lighttpd1.4-3455/src/base64.h
2025-12-18 05:13:41,423 - Knowledge - INFO - Progress: 86.2% | Files: 230/260 | Rate: 0.72 files/sec | Queue: 0
2025-12-18 05:13:41,588 - Knowledge - INFO - Async storage completed for 5 embeddings
2025-12-18 05:13:41,769 - Knowledge - INFO - process ingested knowledge for /app/data/gemtektechnologycoltd2546/3455/b1206p6/lighttpd1.4-3455/src/mod_deflate.c
2025-12-18 05:13:41,776 - Knowledge - INFO - Processing batch of 3 files
2025-12-18 05:13:41,779 - Knowledge - INFO - [LLM_CALL] Completed: fdevent.c:chunk1, Duration: 118095ms, PromptTokens: 19154, CompletionTokens: 1825, Cost: $0.00265
2025-12-18 05:13:41,834 - Knowledge - INFO - process ingested knowledge for /app/data/gemtektechnologycoltd2546/3455/b1206p6/lighttpd1.4-3455/src/gw_backend.h
2025-12-18 05:13:41,871 - Knowledge - INFO - process ingested knowledge for /app/data/gemtektechnologycoltd2546/3455/b1206p6/lighttpd1.4-3455/tests/docroot/404.html
2025-12-18 05:13:41,949 - Knowledge - INFO - process ingested knowledge for /app/data/gemtektechnologycoltd2546/3455/b1206p6/lighttpd1.4-3455/src/h2.c
2025-12-18 05:13:42,480 - Knowledge - INFO - process ingested knowledge for /app/data/gemtektechnologycoltd2546/3455/b1206p6/lighttpd1.4-3455/src/sys-mmap.h
2025-12-18 05:13:42,507 - Knowledge - INFO - process ingested knowledge for /app/data/gemtektechnologycoltd2546/3455/b1206p6/lighttpd1.4-3455/tests/core-condition.t
2025-12-18 05:13:42,615 - Knowledge - INFO - done ingest for /app/data/gemtektechnologycoltd2546/3455/b1206p6/lighttpd1.4-3455/src/fdevent.c
2025-12-18 05:13:43,195 - Knowledge - INFO - Processing batch of 4 files
2025-12-18 05:13:43,244 - Knowledge - INFO - [WEBSOCKET] Sent: Type=progress_update, Size: 290, Duration: 103ms
2025-12-18 05:13:43,261 - Knowledge - INFO - process ingested knowledge for /app/data/gemtektechnologycoltd2546/3455/b1206p6/lighttpd1.4-3455/src/sys-socket.h
2025-12-18 05:13:43,655 - Knowledge - INFO - process ingested knowledge for /app/data/gemtektechnologycoltd2546/3455/b1206p6/lighttpd1.4-3455/src/fdlog.c
2025-12-18 05:13:44,082 - Knowledge - INFO - process ingested knowledge for /app/data/gemtektechnologycoltd2546/3455/b1206p6/lighttpd1.4-3455/tests/docroot/index.html
2025-12-18 05:13:44,266 - Knowledge - INFO - Processing batch of 4 files
2025-12-18 05:13:44,294 - Knowledge - INFO - process ingested knowledge for /app/data/gemtektechnologycoltd2546/3455/b1206p6/lighttpd1.4-3455/tests/run-tests.pl
2025-12-18 05:13:44,301 - Knowledge - INFO - [WEBSOCKET] Sent: Type=unknown, Size: ?, Duration: 1161ms
2025-12-18 05:13:44,755 - Knowledge - INFO - process ingested knowledge for /app/data/gemtektechnologycoltd2546/3455/b1206p6/lighttpd1.4-3455/src/log.c
2025-12-18 05:13:45,099 - Knowledge - INFO - Progress: 89.6% | Files: 241/260 | Rate: 0.74 files/sec | Queue: 0
2025-12-18 05:13:45,127 - Knowledge - INFO - [LLM_CALL] Completed: request.h:chunk1, Duration: 82946ms, PromptTokens: 6168, CompletionTokens: 474, Cost: $0.00081
2025-12-18 05:13:45,212 - Knowledge - INFO - process ingested knowledge for /app/data/gemtektechnologycoltd2546/3455/b1206p6/lighttpd1.4-3455/tests/wrapper.sh
2025-12-18 05:13:45,267 - Knowledge - INFO - process ingested knowledge for /app/data/gemtektechnologycoltd2546/3455/b1206p6/lighttpd1.4-3455/src/algo_xxhash.c
2025-12-18 05:13:45,268 - Knowledge - INFO - process ingested knowledge for /app/data/gemtektechnologycoltd2546/3455/b1206p6/lighttpd1.4-3455/src/http_range.c
2025-12-18 05:13:45,298 - Knowledge - INFO - process ingested knowledge for /app/data/gemtektechnologycoltd2546/3455/b1206p6/lighttpd1.4-3455/meson_options.txt
2025-12-18 05:13:45,560 - Knowledge - INFO - done ingest for /app/data/gemtektechnologycoltd2546/3455/b1206p6/lighttpd1.4-3455/src/request.h
2025-12-18 05:13:45,569 - Knowledge - INFO - Processing batch of 5 files
2025-12-18 05:13:45,636 - Knowledge - INFO - Processing batch of 4 files
2025-12-18 05:13:45,763 - Knowledge - INFO - process ingested knowledge for /app/data/gemtektechnologycoltd2546/3455/b1206p6/lighttpd1.4-3455/src/http_cgi.c
2025-12-18 05:13:45,961 - Knowledge - INFO - Processing batch of 4 files
2025-12-18 05:13:46,453 - Knowledge - INFO - process ingested knowledge for /app/data/gemtektechnologycoltd2546/3455/b1206p6/lighttpd1.4-3455/src/mod_webdav.c
2025-12-18 05:13:46,547 - Knowledge - INFO - process ingested knowledge for /app/data/gemtektechnologycoltd2546/3455/b1206p6/lighttpd1.4-3455/tests/cleanup.sh
2025-12-18 05:13:46,825 - Knowledge - INFO - process ingested knowledge for /app/data/gemtektechnologycoltd2546/3455/b1206p6/lighttpd1.4-3455/src/mod_echo.c
2025-12-18 05:13:47,851 - Knowledge - INFO - process ingested knowledge for /app/data/gemtektechnologycoltd2546/3455/b1206p6/lighttpd1.4-3455/src/reqpool.c
2025-12-18 05:13:48,387 - Knowledge - INFO - process ingested knowledge for /app/data/gemtektechnologycoltd2546/3455/b1206p6/lighttpd1.4-3455/tests/scgi-responder.c
2025-12-18 05:13:48,416 - Knowledge - INFO - [WEBSOCKET] Sent: Type=progress_update, Size: 273, Duration: 0ms
2025-12-18 05:13:48,460 - Knowledge - INFO - process ingested knowledge for /app/data/gemtektechnologycoltd2546/3455/b1206p6/lighttpd1.4-3455/tests/fcgi-responder.c
2025-12-18 05:13:48,844 - Knowledge - INFO - [WEBSOCKET] Sent: Type=unknown, Size: ?, Duration: 428ms
2025-12-18 05:13:48,853 - Knowledge - INFO - process ingested knowledge for /app/data/gemtektechnologycoltd2546/3455/b1206p6/lighttpd1.4-3455/src/mod_authn_file.c
2025-12-18 05:13:48,874 - Knowledge - INFO - process ingested knowledge for /app/data/gemtektechnologycoltd2546/3455/b1206p6/lighttpd1.4-3455/tests/CMakeLists.txt
2025-12-18 05:13:49,101 - Knowledge - INFO - Progress: 94.6% | Files: 247/260 | Rate: 0.75 files/sec | Queue: 0
2025-12-18 05:13:49,251 - Knowledge - INFO - [LLM_CALL] Completed: mod_ajp13.c:chunk1, Duration: 98642ms, PromptTokens: 20166, CompletionTokens: 2118, Cost: $0.00286
2025-12-18 05:13:49,287 - Knowledge - INFO - process ingested knowledge for /app/data/gemtektechnologycoltd2546/3455/b1206p6/lighttpd1.4-3455/src/ls-hpack/lsxpack_header.h
2025-12-18 05:13:49,305 - Knowledge - INFO - process ingested knowledge for /app/data/gemtektechnologycoltd2546/3455/b1206p6/lighttpd1.4-3455/src/http_header.c
2025-12-18 05:13:49,324 - Knowledge - INFO - process ingested knowledge for /app/data/gemtektechnologycoltd2546/3455/b1206p6/lighttpd1.4-3455/tests/mod-scgi.t
2025-12-18 05:13:49,348 - Knowledge - WARNING - Timeout processing /app/data/gemtektechnologycoltd2546/3455/b1206p6/lighttpd1.4-3455/src/mod_ssi.c after 90s - using fallback metadata
2025-12-18 05:13:49,471 - Knowledge - INFO - process ingested knowledge for /app/data/gemtektechnologycoltd2546/3455/b1206p6/lighttpd1.4-3455/src/ck.c
2025-12-18 05:13:49,592 - Knowledge - INFO - done ingest for /app/data/gemtektechnologycoltd2546/3455/b1206p6/lighttpd1.4-3455/src/mod_ajp13.c
2025-12-18 05:13:49,592 - Knowledge - INFO - [LLM_CALL] Completed: mod_magnet_cache.c:chunk1, Duration: 76689ms, PromptTokens: 3056, CompletionTokens: 674, Cost: $0.00058
2025-12-18 05:13:50,025 - Knowledge - INFO - process ingested knowledge for /app/data/gemtektechnologycoltd2546/3455/b1206p6/lighttpd1.4-3455/src/http_chunk.c
2025-12-18 05:13:50,277 - Knowledge - INFO - done ingest for /app/data/gemtektechnologycoltd2546/3455/b1206p6/lighttpd1.4-3455/src/mod_magnet_cache.c
2025-12-18 05:13:50,304 - Knowledge - INFO - Processing batch of 5 files
2025-12-18 05:13:50,349 - Knowledge - INFO - process ingested knowledge for /app/data/gemtektechnologycoltd2546/3455/b1206p6/lighttpd1.4-3455/src/h1.h
2025-12-18 05:13:50,432 - Knowledge - INFO - process ingested knowledge for /app/data/gemtektechnologycoltd2546/3455/b1206p6/lighttpd1.4-3455/tests/request.t
2025-12-18 05:13:50,631 - Knowledge - INFO - process ingested knowledge for /app/data/gemtektechnologycoltd2546/3455/b1206p6/lighttpd1.4-3455/src/mod_expire.c
2025-12-18 05:13:51,410 - Knowledge - INFO - Processing batch of 4 files
2025-12-18 05:13:51,446 - Knowledge - INFO - process ingested knowledge for /app/data/gemtektechnologycoltd2546/3455/b1206p6/lighttpd1.4-3455/src/mod_simple_vhost.c
2025-12-18 05:13:51,639 - Knowledge - INFO - process ingested knowledge for /app/data/gemtektechnologycoltd2546/3455/b1206p6/lighttpd1.4-3455/src/mod_ajp13.c
2025-12-18 05:13:51,978 - Knowledge - INFO - [WEBSOCKET] Sent: Type=progress_update, Size: 271, Duration: 0ms
2025-12-18 05:13:51,991 - Knowledge - INFO - process ingested knowledge for /app/data/gemtektechnologycoltd2546/3455/b1206p6/lighttpd1.4-3455/src/sys-unistd.h
2025-12-18 05:13:51,993 - Knowledge - WARNING - Timeout processing /app/data/gemtektechnologycoltd2546/3455/b1206p6/lighttpd1.4-3455/src/fdevent_win32.c after 90s - using fallback metadata
2025-12-18 05:13:51,993 - Knowledge - INFO - process ingested knowledge for /app/data/gemtektechnologycoltd2546/3455/b1206p6/lighttpd1.4-3455/src/mod_authn_pam.c
2025-12-18 05:13:52,122 - Knowledge - INFO - process ingested knowledge for /app/data/gemtektechnologycoltd2546/3455/b1206p6/lighttpd1.4-3455/src/mod_vhostdb_mysql.c
2025-12-18 05:13:52,202 - Knowledge - INFO - [WEBSOCKET] Sent: Type=unknown, Size: ?, Duration: 225ms
2025-12-18 05:13:52,637 - Knowledge - INFO - process ingested knowledge for /app/data/gemtektechnologycoltd2546/3455/b1206p6/lighttpd1.4-3455/src/mod_gnutls.c
2025-12-18 05:13:52,640 - Knowledge - INFO - process ingested knowledge for /app/data/gemtektechnologycoltd2546/3455/b1206p6/lighttpd1.4-3455/autogen.sh
2025-12-18 05:13:52,691 - Knowledge - INFO - Progress: 97.7% | Files: 255/260 | Rate: 0.77 files/sec | Queue: 0
2025-12-18 05:13:52,716 - Knowledge - INFO - process ingested knowledge for /app/data/gemtektechnologycoltd2546/3455/b1206p6/lighttpd1.4-3455/src/mod_evhost.c
2025-12-18 05:13:52,723 - Knowledge - INFO - Processing batch of 4 files
2025-12-18 05:13:52,812 - Knowledge - INFO - process ingested knowledge for /app/data/gemtektechnologycoltd2546/3455/b1206p6/lighttpd1.4-3455/src/fdevent.c
2025-12-18 05:13:52,889 - Knowledge - INFO - Processing batch of 4 files
2025-12-18 05:13:52,928 - Knowledge - INFO - process ingested knowledge for /app/data/gemtektechnologycoltd2546/3455/b1206p6/lighttpd1.4-3455/packdist.sh
2025-12-18 05:13:53,265 - Knowledge - INFO - process ingested knowledge for /app/data/gemtektechnologycoltd2546/3455/b1206p6/lighttpd1.4-3455/src/configfile.c
2025-12-18 05:13:53,482 - Knowledge - INFO - process ingested knowledge for /app/data/gemtektechnologycoltd2546/3455/b1206p6/lighttpd1.4-3455/src/chunk.h
2025-12-18 05:13:53,693 - Knowledge - INFO - process ingested knowledge for /app/data/gemtektechnologycoltd2546/3455/b1206p6/lighttpd1.4-3455/src/keyvalue.c
2025-12-18 05:13:53,770 - Knowledge - INFO - process ingested knowledge for /app/data/gemtektechnologycoltd2546/3455/b1206p6/lighttpd1.4-3455/src/request.h
2025-12-18 05:13:53,922 - Knowledge - INFO - [WEBSOCKET] Sent: Type=progress_update, Size: 273, Duration: 0ms
2025-12-18 05:13:53,997 - Knowledge - INFO - process ingested knowledge for /app/data/gemtektechnologycoltd2546/3455/b1206p6/lighttpd1.4-3455/src/sys-wait.h
2025-12-18 05:13:54,079 - Knowledge - INFO - process ingested knowledge for /app/data/gemtektechnologycoltd2546/3455/b1206p6/lighttpd1.4-3455/src/mod_magnet_cache.c
2025-12-18 05:13:54,087 - Knowledge - INFO - [WEBSOCKET] Sent: Type=unknown, Size: ?, Duration: 165ms
2025-12-18 05:13:54,304 - Knowledge - INFO - process ingested knowledge for /app/data/gemtektechnologycoltd2546/3455/b1206p6/lighttpd1.4-3455/src/mod_ssi.c
2025-12-18 05:13:54,330 - Knowledge - INFO - process ingested knowledge for /app/data/gemtektechnologycoltd2546/3455/b1206p6/lighttpd1.4-3455/src/fdevent_win32.c
2025-12-18 05:13:54,405 - Knowledge - INFO - Progress: 100.0% | Files: 260/260 | Rate: 0.77 files/sec | Queue: 0
2025-12-18 05:13:55,227 - Knowledge - INFO - Knowledge creation complete
2025-12-18 05:13:55,438 - Knowledge - INFO - ==================================================
2025-12-18 05:13:55,634 - Knowledge - INFO - KNOWLEDGE GRAPH GENERATION PERFORMANCE SUMMARY
2025-12-18 05:13:55,832 - Knowledge - INFO - ==================================================
2025-12-18 05:13:56,024 - Knowledge - INFO - Total processing time: 337.55 seconds (5.63 minutes)
2025-12-18 05:13:56,181 - Knowledge - INFO - Files processed: 0
2025-12-18 05:13:56,374 - Knowledge - INFO - Processing rate: 0.00 files/second
2025-12-18 05:13:56,620 - Knowledge - INFO - 
[TIME_BREAKDOWN]
2025-12-18 05:13:56,814 - Knowledge - INFO - File Reading: 0.00s (0.0%)
2025-12-18 05:13:56,975 - Knowledge - INFO - LLM Processing: 6820.05s (2020.4%)
2025-12-18 05:13:57,141 - Knowledge - INFO - MongoDB Operations: 0.00s (0.0%)
2025-12-18 05:13:57,303 - Knowledge - INFO - Redis Operations: 0.00s (0.0%)
2025-12-18 05:13:57,462 - Knowledge - INFO - WebSocket Communication: 42.68s (12.6%)
2025-12-18 05:13:57,619 - Knowledge - INFO - 
[LLM_STATS]
2025-12-18 05:13:57,796 - Knowledge - INFO - Total LLM calls: 96
2025-12-18 05:13:57,986 - Knowledge - INFO - Average LLM response time: 71042ms
2025-12-18 05:13:58,170 - Knowledge - INFO - Average prompt tokens: 9994.9
2025-12-18 05:13:58,349 - Knowledge - INFO - Average completion tokens: 901.2
2025-12-18 05:13:58,519 - Knowledge - INFO - Total prompt tokens: 959514
2025-12-18 05:13:58,698 - Knowledge - INFO - Total completion tokens: 86516
2025-12-18 05:13:58,867 - Knowledge - INFO - Total LLM cost: $0.1306
2025-12-18 05:13:59,056 - Knowledge - INFO - 
[DATABASE_STATS]
2025-12-18 05:13:59,255 - Knowledge - INFO - MongoDB operations: 0
2025-12-18 05:13:59,431 - Knowledge - INFO - Redis operations: 0
2025-12-18 05:13:59,602 - Knowledge - INFO - 
[COMMUNICATION_STATS]
2025-12-18 05:13:59,819 - Knowledge - INFO - WebSocket messages sent: 49
2025-12-18 05:13:59,991 - Knowledge - INFO - Average message size: 145.0 bytes
2025-12-18 05:14:00,186 - Knowledge - INFO - 
[WORKER_STATS]
2025-12-18 05:14:00,371 - Knowledge - INFO - 
[FILE_TYPE_STATS]
2025-12-18 05:14:00,543 - Knowledge - INFO - 
[SLOWEST_FILES]
2025-12-18 05:14:00,740 - Knowledge - INFO - ==================================================
2025-12-18 05:14:00,909 - Knowledge - INFO - ==================================================
2025-12-18 05:14:01,094 - Knowledge - INFO - KNOWLEDGE GRAPH GENERATION PERFORMANCE SUMMARY
2025-12-18 05:14:01,261 - Knowledge - INFO - ==================================================
2025-12-18 05:14:01,472 - Knowledge - INFO - Total processing time: 343.12 seconds (5.72 minutes)
2025-12-18 05:14:01,630 - Knowledge - INFO - Files processed: 260 of 260
2025-12-18 05:14:01,792 - Knowledge - INFO - Processing rate: 0.76 files/second
2025-12-18 05:14:02,014 - Knowledge - INFO - WebSocket messages sent: 24
2025-12-18 05:14:02,207 - Knowledge - INFO - MongoDB operations: 260
2025-12-18 05:14:02,362 - Knowledge - INFO - Average MongoDB ops per file: 1.00
2025-12-18 05:14:02,543 - Knowledge - INFO - LLM costs: $0.1306
2025-12-18 05:14:02,713 - Knowledge - INFO - Prompt tokens: 959514
2025-12-18 05:14:02,876 - Knowledge - INFO - Completion tokens: 86516
2025-12-18 05:14:03,058 - Knowledge - INFO - Updating org costs, total cost: 0.13055779999999997
2025-12-18 05:14:03,493 - Knowledge - INFO - [WEBSOCKET] Sent: Type=progress_update, Size: 269, Duration: 0ms
2025-12-18 05:14:03,652 - Knowledge - INFO - Saving knowledge to Redis...
2025-12-18 05:14:04,160 - Knowledge - INFO - Knowledge saved to Redis successfully
